﻿X,Y,OBJECTID,AUN,SCHOOL_NUM,LOCATION_ID,SCHOOL_NAME,SCHOOL_NAME_LABEL,STREET_ADDRESS,ZIP_CODE,PHONE_NUMBER,ACTIVE,GRADE_LEVEL,GRADE_ORG,ENROLLMENT,TYPE,TYPE_SPECIFIC
-75.2116956,39.95725416,1,226519902,,,WEST CATHOLIC PREPARATORY HIGH SCHOOL,WEST PHILADELPHIA CATHOLIC HIGH SCHOOL,4501-17 CHESTNUT ST,19139,(215) 386-2244,O,HIGH SCHOOL,45547,,3,ARCHDIOCESE
-75.17469227,39.93040203,2,226519382,,,ST THOMAS AQUINAS SCHOOL,ST THOMAS AQUINAS SCHOOL,1616 S 17TH ST,19145,(215) 334-0878,O,ELEMENTARY/MIDDLE,PREK-8,,3,PRIVATE
-75.16711783,40.07199144,3,226519222,,,ST RAYMOND OF PENAFORT SCHOOL,ST RAYMOND SCHOOL,1330 VERNON RD,19150,(215) 548-1919,O,ELEMENTARY/MIDDLE,PREK-8,,3,PRIVATE
-75.06042713,40.03079352,4,226519422,,,BLESSED TRINITY REGIONAL CATHOLIC SCHOOL,BLESSED TRINITY REGIONAL CATHOLIC SCHOOL,3033 LEVICK ST,19149,(215) 338-9797,O,ELEMENTARY/MIDDLE,PREK-8,,3,ARCHDIOCESE
-75.14487668,39.96959448,5,226519142,,,ST PETER THE APOSTLE SCHOOL,ST PETER THE APOSTLE SCHOOL,1009 N 5TH ST,19123,(215) 922-5958,O,ELEMENTARY/MIDDLE,PREK-8,,3,ARCHDIOCESE
-75.04996789,40.04144135,6,226518932,,,ST MATTHEW SCHOOL,ST MATTHEW SCHOOL,3040 COTTMAN AVE,19149,(215) 333-3142,O,ELEMENTARY/MIDDLE,PREK-8,,3,ARCHDIOCESE
-75.12965629,39.97677686,7,226518422,,,ST LAURENTIUS SCHOOL,ST LAURENTIUS SCHOOL,1612 E BERKS ST,19125,(215) 423-8834,O,ELEMENTARY/MIDDLE,PREK-8,,3,ARCHDIOCESE
-75.24913591,39.96951201,8,226517352,,,ST FRANCES CABRINI REGIONAL CATHOLIC SCHOOL,ST FRANCES CABRINI,405 N 65TH ST,19151,(215) 748-2994,O,ELEMENTARY/MIDDLE,PREK-8,,3,PRIVATE
-75.17853424,39.91359951,9,226519242,,,ST PIO REGIONAL CATHOLIC SCHOOL,ST PIO CATHOLIC REGIONAL SCHOOL,1826 POLLOCK ST,19145,(215) 467-5430,O,ELEMENTARY/MIDDLE,PREK-8,,3,ARCHDIOCESE
-74.97714979,40.09264512,10,300513270,,,DELTA SCHOOL,DELTA SCHOOL,3515 WOODHAVEN RD,19154,(215) 637-8235,O,ELEMENTARY/MIDDLE/HIGH,K-12,,3,PRIVATE
-75.21486308,40.08050843,11,226514502,,,NORWOOD FONTBONNE ACADEMY,NORWOOD FONTBONNE ACADEMY,8891 GERMANTOWN AVE,19118,(215) 247-3811,O,ELEMENTARY/MIDDLE,PREK-8,,3,PRIVATE
-75.20828325,40.06216199,12,226511002,,,SPRINGSIDE CHESTNUT HILL ACADEMY,SPRINGSIDE CHESTNUT HILL ACADEMY,500 W WILLOW GROVE AVE,19118,(215) 247-4700,O,ELEMENTARY/MIDDLE/HIGH,PREK-12,,3,PRIVATE
-75.09223428,40.0494502,13,226510912,,,CEDAR GROVE CHRISTIAN ACADEMY LOWER SCHOOL,CEDAR GROVE CHRISTIAN ACADEMY LOWER SCHOOL,6445 BINGHAM ST,19111,(215) 725-3383,O,ELEMENTARY/MIDDLE,PREK-11,,3,PRIVATE
-75.148142,39.94267973,14,226519162,,,ST PETERS SCHOOL,ST PETER'S SCHOOL,311-21 LOMBARD ST,19147,(215) 925-3963,O,ELEMENTARY/MIDDLE,PREK-8,,3,PRIVATE
-75.16489639,39.97315272,15,226518302,,,ST JOSEPH'S PREPARATORY SCHOOL,ST JOSEPH'S PREPARATORY SCHOOL,1733 W GIRARD AVE,19130,(215) 978-1950,O,HIGH SCHOOL,45547,,3,PRIVATE
-75.04700187,40.10711889,16,326510160,,,RED LION ELEMENTARY SCHOOL,RED LION ELEMENTARY SCHOOL,256 GEIGER RD,19115,(215) 673-2100,O,ELEMENTARY SCHOOL,K-5,,3,PRIVATE
-74.98610398,40.06027076,17,226510232,,,ALPHA HOUSE NURSERY & KINDERGARTEN,ALPHA HOUSE NURSERY & KINDERGARTEN,9801 FRANKFORD AVE,19114,(215) 632-3366,O,PRE-K/KINDERGARTEN,PREK-K,,3,PRIVATE
-74.99383591,40.05864309,18,226510026,,,ALL SAINTS EPISCOPAL SCHOOL,ALL SAINTS EPISCOPAL SCHOOL,9601 FRANKFORD AVE,19114,(215) 637-8788,O,PRE-K/KINDERGARTEN,PREK-K,,3,PRIVATE
-75.21135429,39.95547685,19,226512762,,,ISLAMIC EDUCATION SCHOOL,ISLAMIC EDUCATION SCHOOL,4431-39 WALNUT ST,19104,(215) 387 – 5230,O,ELEMENTARY SCHOOL,K-5,,3,PRIVATE
-75.03071706,40.05563882,20,226518092,,,ST JEROME SCHOOL,ST JEROME SCHOOL,3031 STAMFORD ST,19136,(215) 624-0637,O,ELEMENTARY/MIDDLE,PREK-8,,3,ARCHDIOCESE
-75.06244808,40.0534001,21,226515552,,,RESURRECTION REGIONAL CATHOLIC SCHOOL,RESURRECTION REGIONAL CATHOLIC SCHOOL,2020 SHELMIRE AVE.,19152,(215) 742-1127,O,ELEMENTARY/MIDDLE,PREK-8,,3,ARCHDIOCESE
-75.02339711,40.04820157,22,226511602,,,FATHER JUDGE HIGH SCHOOL,FATHER JUDGE HIGH SCHOOL,3301 SOLLY AVE,19136,(215) 338-9494,O,HIGH SCHOOL,45547,,3,ARCHDIOCESE
-75.12833298,40.04435453,23,226517902,,,ST HELENA INCARNATION REGIONAL CATHOLIC SCHOOL,ST HELENA INCARNATION SCHOOL,6101 N 5TH ST,19120,(215) 549-2947,O,ELEMENTARY/MIDDLE,PREK-8,,3,PRIVATE
-75.23789552,39.97508107,24,226519282,,,ST ROSE OF LIMA SCHOOL,ST ROSE OF LIMA SCHOOL,1508-46 N WANAMAKER ST,19131,(215) 473-6030,O,ELEMENTARY/MIDDLE,PREK-8,,3,PRIVATE
-75.23453613,40.06442077,25,226512702,,,IMMACULATE HEART OF MARY SCHOOL,IMMACULATE HEART OF MARY SCHOOL,815-23 CATHEDRAL RD,19128,(215) 482-2029,O,ELEMENTARY/MIDDLE,PREK-8,,3,ARCHDIOCESE
-75.15408687,40.06170035,26,226516302,,,ST ATHANASIUS IMMACULATE CONCEPTION SCHOOL,ST ATHANASIUS IMMACULATE CONCEPTION SCHOOL,7105 LIMEKILN PIKE,19138,(215) 424-5045,O,ELEMENTARY/MIDDLE,PREK-8,,3,ARCHDIOCESE
-75.08128317,40.07708837,27,226517052,,,ST CECILIA SCHOOL,ST CECILIA SCHOOL,535 RHAWN ST,19111,(215) 725-8588,O,ELEMENTARY/MIDDLE,PREK-8,,3,ARCHDIOCESE
-75.16956468,39.99555532,28,226517252,,,ST MARTIN DE PORRES SCHOOL,ST MARTIN DE PORRES SCHOOL,2300-36 W LEHIGH AVE,19132,(215) 223-6872,O,ELEMENTARY/MIDDLE,PREK-8,,3,PRIVATE
-75.18533109,39.98127171,29,326510079,,,COMMUNITY PARTNERSHIP SCHOOL,COMMUNITY PARTNERSHIP SCHOOL,3033 W GLENWOOD AVE,19121,(215) 235-0461,O,ELEMENTARY SCHOOL,PREK-5,,3,PRIVATE
-75.16435532,39.97370691,30,226511802,,,GESU SCHOOL,GESU SCHOOL,1700 W THOMPSON ST,19121,(215) 763-3660,O,ELEMENTARY/MIDDLE,PREK-8,,3,PRIVATE
-75.16144848,39.97454205,31,226510062,,,SHILOH CHRISTIAN ACADEMY,SHILOH CHRISTIAN ACADEMY,1516-34 W MASTER ST,19121,(215) 763-7335 ,O,ELEMENTARY/MIDDLE,K-8,,3,PRIVATE
-75.1491536,39.99181359,32,326510060,,,HOPE PARTNERSHIP FOR EDUCATION,HOPE PARTNERSHIP FOR EDUCATION,2601 N 11TH ST,19133,(215) 232-5410,O,MIDDLE SCHOOL,45420,,3,PRIVATE
-75.16741038,39.95642646,33,226511652,,,FRIENDS SELECT SCHOOL,FRIENDS SELECT SCHOOL,1651 BENJAMIN FRANKLIN PKY,19103,(215) 561-5900,O,ELEMENTARY/MIDDLE/HIGH,PREK-12,,3,PRIVATE
-75.17534555,39.95609862,34,300513960,,,GREENE TOWNE SCHOOL INC,GREENE TOWNE SCHOOL INC.,2121 ARCH ST,19103,(215) 563-6368,O,ELEMENTARY SCHOOL,PREK-3,,3,PRIVATE
-75.21140061,39.9486024,35,300514200,,,HMS SCHOOL FOR CHILDREN W/CEREBRAL PALSY,HMS SCHOOL FOR CHILDREN W/CEREBRAL PALSY,4400 BALTIMORE AVE,19104,(215) 222-2566,O,ELEMENTARY/MIDDLE/HIGH,PREK-12,,3,PRIVATE
-75.18178347,39.9468889,36,226515462,,,PHILADELPHIA SCHOOL,PHILADELPHIA SCHOOL,2501-29 LOMBARD ST,19146,(215) 545-5323,O,ELEMENTARY/MIDDLE,PREK-8,,3,PRIVATE
-75.22741979,39.93517084,37,300512620,,,CORNERSTONE CHRISTIAN ACADEMY,CORNERSTONE CHRISTIAN ACADEMY,1939 S 58TH ST,19143,(215) 724-6858,O,ELEMENTARY/MIDDLE,K-8,,3,PRIVATE
-75.14140971,39.97385607,38,226510132,,,AL-AQSA ISLAMIC SCHOOL,AL-AQSA ISLAMIC SCHOOL,1501-11 GERMANTOWN AVE,19122,(215) 765-6660,O,ELEMENTARY/MIDDLE/HIGH,K-12,,3,PRIVATE
-75.10201897,39.98496267,39,226514552,,,OUR LADY OF PORT RICHMOND SCHOOL,OUR LADY OF PORT RICHMOND SCHOOL,3233 E THOMPSON ST,19134,(215) 739-1920,O,ELEMENTARY/MIDDLE,PREK-8,,3,ARCHDIOCESE
-74.97370675,40.10226099,40,226516202,,,ST ANSELM ELEMENTARY SCHOOL,ST ANSELM ELEMENTARY SCHOOL,12650 DUNKS FERRY RD,19154,(215) 632-1133,O,ELEMENTARY/MIDDLE,PREK-8,,3,ARCHDIOCESE
-75.01003547,40.12445477,41,226517152,,,ST CHRISTOPHER SCHOOL,ST CHRISTOPHER SCHOOL,13305 PROCTOR RD,19116,(215) 673-5787,O,ELEMENTARY/MIDDLE,PREK-8,,3,ARCHDIOCESE
-74.98669574,40.08518603,42,226510452,,,ARCHBISHOP RYAN HIGH SCHOOL,ARCHBISHOP RYAN HIGH SCHOOL,11201 ACADEMY RD,19154,(215) 637-1800,O,HIGH SCHOOL,45547,,3,ARCHDIOCESE
-75.17439955,39.91932303,43,226519022,,,ST MONICA SENIOR SCHOOL,ST MONICA SENIOR SCHOOL,2500 S 16TH ST,19145,(215) 467-5338,O,ELEMENTARY/MIDDLE,45420,,3,ARCHDIOCESE
-75.17753582,40.00517888,44,226514102,,,MERCY CAREER AND TECHNICAL HIGH SCHOOL,MERCY CAREER AND TECHNICAL HIGH SCHOOL,2900 W HUNTING PARK AVE,19129,(215) 226-1225 ,O,HIGH SCHOOL,45547,,3,ARCHDIOCESE
-75.15347904,39.97225801,45,226518662,,,ST MALACHY SCHOOL,ST MALACHY SCHOOL,1012 W THOMPSON ST,19122,(215) 232-0696,O,ELEMENTARY/MIDDLE,PREK-8,,3,PRIVATE
-75.08675901,40.03171166,46,226518752,,,ST MARTIN OF TOURS SCHOOL,ST MARTIN OF TOURS SCHOOL,5400 E ROOSEVELT BLV,19124,(215) 744-0444,O,ELEMENTARY/MIDDLE,PREK-8,,3,PRIVATE
-74.9929322,40.05991001,47,226518332,,,ST KATHERINE SIENA SCHOOL,ST KATHERINE OF SIENA SCHOOL,9720-88 FRANKFORD AVE,19114,(215) 637-2181,O,ELEMENTARY/MIDDLE,PREK-8,,3,ARCHDIOCESE
-75.22701239,39.92197633,48,226516452,,,ST BARNABAS CATHOLIC SCHOOL,ST BARNABAS CATHOLIC SCHOOL,6334 BUIST AVE,19142,(215) 729-3603,O,ELEMENTARY/MIDDLE,PREK-8,,3,PRIVATE
-75.01557667,40.04690457,49,226517302,,,ST DOMINIC SCHOOL,ST DOMINIC SCHOOL,8510 FRANKFORD AVE,19136,(215) 333-6703,O,ELEMENTARY/MIDDLE,PREK-8,,3,ARCHDIOCESE
-75.21549467,39.94777607,50,226517552,,,ST FRANCIS DESALES SCHOOL,ST FRANCIS DESALES SCHOOL,917 S 47TH ST,19143,(215) 387-1749,O,ELEMENTARY/MIDDLE,PREK-8,,3,ARCHDIOCESE
-75.1629279,39.92739153,51,226518692,,,SS JOHN NEUMANN AND MARIA GORETTI CATHOLIC HIGH SCHOOL,SS JOHN NEUMANN AND MARIA GORETTI CATHOLIC HIGH SCHOOL,1736 S 10TH ST,19148,(215) 465-8437,O,HIGH SCHOOL,45547,,3,ARCHDIOCESE
-75.03432409,40.03135555,52,226518002,,,ST HUBERTS CATHOLIC HIGH SCHOOL,ST HUBERT CATHOLIC HIGH SCHOOL FOR GIRLS,7320 TORRESDALE AVE,19136,(215) 624-6840,O,HIGH SCHOOL,45547,,3,ARCHDIOCESE
-75.12653344,39.98996968,53,226519752,,,VISITATION SCHOOL,VISITATION B.V.M. SCHOOL,300-40 E LEHIGH AVE,19125,(215) 634-7280,O,ELEMENTARY/MIDDLE,PREK-8,,3,ARCHDIOCESE
-75.11027405,39.98149626,54,226514252,,,MOTHER DIVINE GRACE SCHOOL,MOTHER OF DIVINE GRACE SCHOOL,2612 E MONMOUTH ST,19134,(215) 426-7325,O,ELEMENTARY/MIDDLE,PREK-8,,3,ARCHDIOCESE
-74.98592574,40.05680901,55,226514352,,,NAZARETH ACADEMY GRADE SCHOOL,NAZARETH ACADEMY GRADE SCHOOL,4701 GRANT AVE,19114,(215) 637-7777,O,ELEMENTARY/MIDDLE,45299,,3,PRIVATE
-74.98762752,40.05914311,56,226514402,,,NAZARETH ACADEMY HIGH SCHOOL,NAZARETH ACADEMY HIGH SCHOOL,4001 GRANT AVE,19114,(215) 637-7676,O,HIGH SCHOOL,45547,,3,PRIVATE
-75.24252029,39.92006395,57,226511922,,,GREATER HOPE CHRISTIAN ACADEMY,GREATER HOPE CHRISTIAN ACADEMY,7029 WOODLAND AVE,19142,(215) 729-0374,O,ELEMENTARY/MIDDLE/HIGH,PREK-12,,3,PRIVATE
-75.16300489,40.02711751,58,226517602,,,DEPAUL CATHOLIC SCHOOL,DEPAUL CATHOLIC SCHOOL,44 W LOGAN ST,19144,(215) 842-1266,O,ELEMENTARY/MIDDLE,PREK-8,,3,PRIVATE
-75.18667839,40.04399319,59,226510682,,,BLAIR CHRISTIAN ACADEMY & PRESCHOOL,BLAIR CHRISTIAN ACADEMY & PRESCHOOL,212-20 W UPSAL ST,19119,(215) 438-6557,O,ELEMENTARY/MIDDLE,PREK-8,,3,PRIVATE
-75.01731056,40.12973865,60,226510732,,,CALVARY CHRISTIAN ACADEMY,CALVARY CHRISTIAN ACADEMY,13500 PHILMONT AVE,19116,(215) 969-1579,O,ELEMENTARY/MIDDLE/HIGH,PREK-12,,3,PRIVATE
-75.10465394,40.03660302,61,226512732,,,INTERNATIONAL CHRISTIAN HIGH SCHOOL,INTERNATIONAL CHRISTIAN HIGH SCHOOL,5500 TABOR AVE,19120,(267) 900-2000,O,HIGH SCHOOL,45547,,3,PRIVATE
-75.03918646,40.0804453,62,300514330,,,POLITZ HEBREW ACADEMY,POLITZ HEBREW ACADEMY,9229 OLD BUSTLETON AVE,19115,(215) 969-5960,O,ELEMENTARY/MIDDLE,K-8,,3,PRIVATE
-75.13902835,39.9733439,63,226510023,,,LASALLE ACADEMY,LASALLE ACADEMY,1432-36 N 2ND ST,19122,(215) 739-5804,O,ELEMENTARY/MIDDLE,45359,,3,PRIVATE
-75.21496812,39.97110374,64,226515392,,,QUBA INSTITUTE OF ARABIC & ISLAMIC STUDIES,QUBA INSTITUTE OF ARABIC & ISLAMIC STUDIES,4637 LANCASTER AVE,19131,(215) 473-8589,O,ELEMENTARY/MIDDLE,K-8,,3,PRIVATE
-75.04505121,40.09982619,65,226515872,,,SHAARE SHAMAYIM-BETH JUDAH KINDERGARTEN,SHAARE SHAMAYIM-BETH JUDAH KINDERGARTEN,9768 VERREE RD,19115,(215) 673-2323,O,PRE-K/KINDERGARTEN,PREK-K,,3,PRIVATE
-75.24721797,39.98553123,66,226510020,,,NEW LIFE ALTERNATIVES CHRISTIAN ACADEMY,NEW LIFE ALTERNATIVES CHRISTIAN ACADEMY,1993-95 N 63RD ST,19151,(215) 877-3440,O,ELEMENTARY SCHOOL,PREK-7,,3,PRIVATE
-75.14025457,40.05546477,67,226512032,,,HOPE CHURCH SCHOOL,HOPE CHURCH SCHOOL,6707 OLD YORK RD,19126,(215) 927-7770,O,ELEMENTARY/MIDDLE/HIGH,PREK-12,,3,PRIVATE
-75.13730456,40.01865465,68,226512672,,,HUNTING PARK CHRISTIAN ACADEMY,HUNTING PARK CHRISTIAN ACADEMY,601 W CAYUGA ST,19140,(267) 331-8002,O,ELEMENTARY/MIDDLE,PREK-8,,3,PRIVATE
-75.21499752,40.07668573,69,226514122,,,CREFELD SCHOOL,CREFELD SCHOOL,8836 CREFELD ST,19118,(215) 242-5545,O,MIDDLE/HIGH,45485,,3,PRIVATE
-75.152336,39.950252,70,126515001,7905,2670,CONSTITUTION HIGH SCHOOL,CONSTITUTION HIGH SCHOOL,18 S 7TH ST,19106,(215) 400-7850,,HIGH SCHOOL,45547,401,1,DISTRICT
-75.11482002,39.99441905,71,126515001,6525,5230,CONWELL RUSSELL MIDDLE SCHOOL,RUSSELL H. CONWELL SCHOOL,1849 E CLEARFIELD ST,19134,(215) 400-7210,,MIDDLE SCHOOL,45420,119,1,DISTRICT
-75.146074,40.025526,72,126515001,7239,7100,COOKE JAY ELEMENTARY SCHOOL,JAY COOKE SCHOOL,1300 W LOUDON ST,19141,(215) 400-8330,,ELEMENTARY/MIDDLE,K-8,397,1,DISTRICT
-75.206802,40.022472,73,126515001,5122,6410,COOK-WISSAHICKON SCHOOL,COOK-WISSAHICKON SCHOOL,201 E SALAIGNAC ST,19128,(215) 400-3430,,ELEMENTARY/MIDDLE,K-8,396,1,DISTRICT
-75.12993625,40.00262912,74,126515001,5123,5470,CRAMP WILLIAM SCHOOL,WILLIAM CRAMP SCHOOL,3449 N MASCHER ST,19140,(215) 400-3860,,ELEMENTARY SCHOOL,K-5,348,1,DISTRICT
-75.16632264,39.95789093,75,,,,PHILADELPHIA PERFORMING ARTS CHARTER SCHOOL,PHILADELPHIA PERFORMING ARTS CHARTER SCHOOL,1600 VINE ST,19102,(267) 428-2224,,MIDDLE/HIGH,45455,,2,CHARTER
-75.17644547,40.03367655,76,,,6955,HIGH ROAD SCHOOL OF PHILADELPHIA- GERMANTOWN,HIGH ROAD SCHOOL OF PHILADELPHIA- GERMANTOWN,5612 GREENE ST,19144,(267) 270-4665,O,MIDDLE/HIGH,45455,,3,PRIVATE
-75.18618532,40.02233881,77,226515412,,,WILLIAM PENN CHARTER SCHOOL,WILLIAM PENN CHARTER SCHOOL,3000 W SCHOOL HOUSE LN,19144,(215) 844-3460,O,ELEMENTARY/MIDDLE/HIGH,PREK-12,,3,PRIVATE
-75.22238306,39.95440489,78,226510695,,,BEULAH BAPTIST CHRISTIAN DAY SCHOOL,BEULAH BAPTIST CHRISTIAN DAY SCHOOL,5001 SPRUCE ST,19139,(215) 747-3347,O,ELEMENTARY/MIDDLE,K-8,,3,PRIVATE
-75.08719643,40.0153504,79,226511622,,,FRANKFORD FRIENDS SCHOOL,FRANKFORD FRIENDS SCHOOL,1500 ORTHODOX ST,19124,(215) 533-5368,O,ELEMENTARY/MIDDLE,PREK-8,,3,PRIVATE
-75.17212187,40.04269687,80,226512992,,,LOTUS ACADEMY,LOTUS ACADEMY,340 E HAINES ST,19144,(215) 438-7500,O,ELEMENTARY SCHOOL,PREK-4,,3,PRIVATE
-75.14961231,39.94605122,81,226518902,,,ST MARYS INTERPAROCHIAL SCHOOL,ST MARYS INTERPAROCHIAL SCHOOL,440 LOCUST ST,19106,(215) 923-7522,O,ELEMENTARY/MIDDLE,K-8,,3,ARCHDIOCESE
-74.98504907,40.08757799,82,226518722,,,ST MARTHA SCHOOL,ST MARTHA SCHOOL,11321 ACADEMY RD,19154,(215) 632-0320,O,ELEMENTARY/MIDDLE,PREK-8,,3,ARCHDIOCESE
-75.0389922,40.08192296,83,226514052,,,MATERNITY BVM SCHOOL,MATERNITY BVM SCHOOL,9322 OLD BUSTLETON AVE,19115,(215) 673-0235,O,ELEMENTARY/MIDDLE,PREK-8,,3,ARCHDIOCESE
-74.97890708,40.07937805,84,226514852,,,OUR LADY OF CALVARY SCHOOL,OUR LADY OF CALVARY SCHOOL,11023 KIPLING LN,19154,(215) 637-1648,O,ELEMENTARY/MIDDLE,PREK-8,,3,ARCHDIOCESE
-74.99530052,40.07528231,85,226511102,,,CHRIST THE KING SCHOOL,CHRIST THE KING SCHOOL,3205 CHESTERFIELD RD,19114,(215) 632-1375,O,ELEMENTARY/MIDDLE,PREK-8,,3,ARCHDIOCESE
-75.15891938,39.94221743,86,300511820,,,BEGINNINGS LEARNING CENTER,BEGINNINGS LEARNING CENTER,620 S 10TH ST,19147,(215) 627-3668,O,PRE-K/KINDERGARTEN,PREK-K,,3,PRIVATE
-75.2082188,39.94881897,87,226511232,,,JUBILEE SCHOOL,JUBILEE SCHOOL,4211 CHESTER AVE,19104,(215) 387-7592,O,ELEMENTARY SCHOOL,PREK-6,,3,PRIVATE
-75.21470828,39.95954094,88,226514112,,,MILL CREEK SCHOOL,MILL CREEK SCHOOL,4601 MARKET ST,19139,(215) 471-4900 ,O,MIDDLE/HIGH,45485,,3,PRIVATE
-75.0564308,40.04377554,89,226515662,,,NORTHEAST CENTRAL CHRISTIAN SCHOOL,NORTHEAST CENTRAL CHRISTIAN SCHOOL,7200-50 E ROOSEVELT BLV,19149,(215) 624-8046,O,ELEMENTARY SCHOOL,PREK-5,,3,PRIVATE
-75.1008593,40.01202811,90,226512252,,,HOLY INNOCENTS SCHOOL,HOLY INNOCENTS CATHOLIC SCHOOL,1312 E BRISTOL ST,19124,(215) 743-5909,O,ELEMENTARY/MIDDLE,PREK-8,,3,ARCHDIOCESE
-75.15634015,40.00695264,91,226510064,,,SPRING GARDEN ACADEMY - TIOGA,SPRING GARDEN ACAD - TIOGA,3501-05 N 17TH ST,19140,(215) 226-1000,O,ELEMENTARY/MIDDLE,PREK-8,,3,PRIVATE
-75.1824844,40.00425848,92,226510073,,,ST JAMES SCHOOL,ST JAMES SCHOOL,3201-29 W CLEARFIELD ST,19132,(215) 226-1276,O,MIDDLE SCHOOL,45390,,3,PRIVATE
-75.14903943,40.05244639,93,226514262,,,MT AIRY CHRISTIAN DAY SCHOOL,MT AIRY CHRISTIAN DAY SCHOOL,6401 OGONTZ AVE,19126,(215) 276-2990,O,PRE-K/KINDERGARTEN,PREK-K,,3,PRIVATE
-75.14505462,40.02865027,94,226510004,,,LOGAN HOPE SCHOOL,LOGAN HOPE SCHOOL,4934 N 13TH ST,19141,(215) 455-7442,O,ELEMENTARY/MIDDLE,K-8,,3,PRIVATE
-75.21018474,40.07926779,95,226515302,,,OUR MOTHER OF CONSOLATION,OUR MOTHER OF CONSOLATION SCHOOL,7-29 E CHESTNUT HILL AVE,19118,(215) 247-1060,O,ELEMENTARY/MIDDLE,PREK-8,,3,ARCHDIOCESE
-75.18871677,40.06175009,96,226512152,,,HOLY CROSS SCHOOL,HOLY CROSS SCHOOL,148-54 E MOUNT AIRY AVE,19119,(215) 242-0414,O,ELEMENTARY/MIDDLE,PREK-8,,3,PRIVATE
-75.14818436,40.00364068,97,126515001,5183,7510,BETHUNE MARY MCLEOD SCHOOL,MARY M. BETHUNE SCHOOL,3301 OLD YORK RD,19140,(215) 400-3890,,ELEMENTARY/MIDDLE,K-8,427,1,DISTRICT
-75.183123,39.98530026,98,126515001,3662,4220,BLAINE JAMES G. SCHOOL,JAMES G. BLAINE SCHOOL,3001 W BERKS ST,19121,(215) 400-7330,,ELEMENTARY/MIDDLE,K-8,307,1,DISTRICT
-75.21514345,39.9726291,99,126515001,3663,1490,BLANKENBURG RUDOLPH SCHOOL,RUDOLPH BLANKENBURG SCHOOL,4600 W GIRARD AVE,19131,(215) 400-7280,,ELEMENTARY/MIDDLE,K-8,248,1,DISTRICT
-75.14317791,39.96805049,100,126515001,7070,5150,BODINE WILLIAM W. HIGH SCHOOL,WILLIAM W. BODINE HIGH SCHOOL,1101 N 4TH ST,19123,(215) 400-7630,,HIGH SCHOOL,45547,464,1,DISTRICT
-75.17670508,39.91455235,101,126515001,3620,2240,BREGY F. AMEDEE SCHOOL,F. AMEDEE BREGY SCHOOL,1700 BIGLER ST,19145,(215) 400-8210,,ELEMENTARY/MIDDLE,K-8,220,1,DISTRICT
-75.06666516,40.00027315,102,126515001,3745,7470,BRIDESBURG SCHOOL,BRIDESBURG SCHOOL,2824 JENKS ST,19137,(215) 400-7240,,ELEMENTARY/MIDDLE,K-8,547,1,DISTRICT
-75.12735289,39.98660077,103,126515001,3684,5210,BROWN HENRY A. SCHOOL,HENRY A. BROWN SCHOOL,1946 E SERGEANT ST,19125,(215) 400-7490,,ELEMENTARY/MIDDLE,K-8,306,1,DISTRICT
-75.0246252,40.04346259,104,126515001,6529,8210,BROWN JOSEPH H. SCHOOL,JOSEPH H. BROWN SCHOOL,3600 STANWOOD ST,19136,(215) 400-3320,,ELEMENTARY/MIDDLE,K-8,446,1,DISTRICT
-75.243563,39.95279118,105,126515001,3601,1230,BRYANT WILLIAM C. SCHOOL,WILLIAM C. BRYANT SCHOOL,6001 CEDAR AVE,19143,(215) 400-7910,,ELEMENTARY/MIDDLE,K-8,341,1,DISTRICT
-75.152481,40.053631,106,126515001,8332,5610,BUILDING 21,BUILDING 21,6501 LIMEKILN PIKE,19138,(215) 400-7450,,HIGH SCHOOL,45547,383,1,DISTRICT
-75.084142,40.038957,107,126515001,7230,7220,CARNELL LAURA H. SCHOOL,LAURA H. CARNELL SCHOOL,1100 DEVEREAUX AVE,19111,(215) 400-3150,,ELEMENTARY SCHOOL,K-5,643,1,DISTRICT
-75.25076732,39.97520576,108,126515001,3664,4240,CASSIDYLEWIS C ACADEMICS PLUS,LEWIS C. CASSIDY ACADEMICS PLUS SCHOOL,6523 LANSDOWNE AVE,19151,(215) 400-7510,,ELEMENTARY/MIDDLE,K-8,219,1,DISTRICT
-75.239911,39.927435,109,126515001,3602,1250,CATHARINE JOSEPH SCHOOL,JOSEPH W. CATHARINE SCHOOL,6600 CHESTER AVE,19142,(215) 400-8150,,ELEMENTARY SCHOOL,K-5,398,1,DISTRICT
-75.1350577,40.01781405,110,126515001,7404,5490,CAYUGA SCHOOL,CAYUGA SCHOOL,4344 N 5TH ST,19140,(215) 400-3850,,ELEMENTARY SCHOOL,K-5,337,1,DISTRICT
-75.15010753,40.0373294,111,126515001,3848,6010,CENTRAL HIGH SCHOOL,CENTRAL HIGH SCHOOL,1700 W OLNEY AVE,19141,(215) 400-3590,,HIGH SCHOOL,45547,2288,1,DISTRICT
-75.170493,39.934637,112,126515001,3622,2260,CHILDS GEORGE W. SCHOOL,GEORGE W. CHILDS SCHOOL,1599 WHARTON ST,19146,(215) 400-7950,,ELEMENTARY/MIDDLE,K-8,411,1,DISTRICT
-75.129736,40.006819,113,126515001,6767,7730,CLEMENTE ROBERTO MIDDLE SCHOOL,ROBERTO CLEMENTE SCHOOL,122 W ERIE AVE,19140,(215) 400-3930,,MIDDLE SCHOOL,45451,207,1,DISTRICT
-75.216289,39.94052,114,126515001,3782,1260,COMEGYS BENJAMIN B. SCHOOL,BENJAMIN B. COMEGYS SCHOOL,5100 GREENWAY AVE,19143,(215) 400-7860,,ELEMENTARY/MIDDLE,K-8,267,1,DISTRICT
-75.0091088,40.12096486,115,126515001,3760,8370,COMLY WATSON SCHOOL,WATSON COMLY SCHOOL,1001 BYBERRY RD,19116,(215) 400-3010,,ELEMENTARY SCHOOL,K-5,587,1,DISTRICT
-75.181793,39.929592,116,126515001,3629,2370,MCDANIEL DELAPLAINE SCHOOL,DELAPLAINE MCDANIEL SCHOOL,1801 S 22ND ST,19145,(215) 400-8220,,ELEMENTARY/MIDDLE,K-8,233,1,DISTRICT
-75.14124866,39.98305128,117,126515001,5293,5350,MCKINLEY WILLIAM SCHOOL,WILLIAM MCKINLEY SCHOOL,2101 N ORKNEY ST,19122,(215) 400-7440,,ELEMENTARY/MIDDLE,K-8,307,1,DISTRICT
-75.164718,39.978587,118,126515001,3630,4570,MEADE GEN. GEORGE G. SCHOOL,GENERAL GEORGE G. MEADE SCHOOL,1600 N 18TH ST,19121,(215) 400-7310,,ELEMENTARY/MIDDLE,K-8,267,1,DISTRICT
-75.15099832,39.93966219,119,126515001,3649,2380,MEREDITH WILLIAM M. SCHOOL,WILLIAM M. MEREDITH SCHOOL,725 S 5TH ST,19147,(215) 400-7990,,ELEMENTARY/MIDDLE,K-8,515,1,DISTRICT
-75.19160903,40.01352996,120,126515001,3720,6320,MIFFLIN THOMAS SCHOOL,THOMAS MIFFLIN SCHOOL,3624 CONRAD ST,19129,(215) 400-3830,,ELEMENTARY/MIDDLE,K-8,359,1,DISTRICT
-75.22367917,39.93682178,121,126515001,3798,1370,MITCHELL ELEMENTARY SCHOOL,S. WEIR MITCHELL SCHOOL,5500 KINGSESSING AVE,19143,(215) 400-7880,,ELEMENTARY/MIDDLE,K-8,297,1,DISTRICT
-75.13591255,39.9747321,122,126515001,3697,5370,MOFFET JOHN SCHOOL,JOHN MOFFET SCHOOL,127 W OXFORD ST,19122,(215) 400-7390,,ELEMENTARY SCHOOL,K-5,224,1,DISTRICT
-75.076912,40.049135,123,126515001,3770,8310,MOORE J. HAMPTON SCHOOL,J. HAMPTON MOORE SCHOOL,6900 SUMMERDALE AVE,19111,(215) 400-3180,,ELEMENTARY SCHOOL,K-5,1139,1,DISTRICT
-75.17866,39.975439,124,126515001,4868,2390,MORRIS ROBERT SCHOOL,ROBERT MORRIS SCHOOL,2600 W THOMPSON ST,19121,(215) 400-7320,,ELEMENTARY/MIDDLE,K-8,202,1,DISTRICT
-75.12950563,40.02950099,125,126515001,3749,7390,MORRISON ANDREW J. SCHOOL,ANDREW J. MORRISON SCHOOL,5100 N 3RD ST,19120,(215) 400-3780,,ELEMENTARY/MIDDLE,K-8,529,1,DISTRICT
-75.22690402,39.92366623,126,126515001,6535,1380,MORTON THOMAS G. SCHOOL,THOMAS G. MORTON SCHOOL,2501 S 63RD ST,19142,(215) 400-8160,,ELEMENTARY SCHOOL,K-5,353,1,DISTRICT
-75.24184422,39.94453199,127,126515001,7815,1190,MOTIVATION HIGH SCHOOL,MOTIVATION HIGH SCHOOL,5900 BALTIMORE AVE,19143,(215) 400-7930,,HIGH SCHOOL,45547,239,1,DISTRICT
-75.13555234,40.00115988,128,126515001,7522,5680,MUNOZ-MARIN HON LUIS SCHOOL,HONORABLE LUIS MUNOZ-MARIN SCHOOL,3300 N 3RD ST,19140,(215) 400-3920,,ELEMENTARY/MIDDLE,K-8,524,1,DISTRICT
-75.21581479,39.96443595,129,126515001,7022,1580,MYA-MIDDLE YEARS ALTERNATIVE,MIDDLE YEARS ALTERNATIVE SCHOOL,4725 FAIRMOUNT AVE,19139,(215) 400-7720,,MIDDLE SCHOOL,45420,156,1,DISTRICT
-75.15383,39.936694,130,126515001,3650,2590,NEBINGER GEORGE W. SCHOOL,GEORGE W. NEBINGER SCHOOL,601 CARPENTER ST,19147,(215) 400-8110,,ELEMENTARY/MIDDLE,K-8,389,1,DISTRICT
-75.16264405,39.96102159,131,126515001,,8780,PHILADELPHIA VIRTUAL ACADEMY,PHILADELPHIA VIRTUAL ACADEMY,440 N BROAD ST,19130,(215) 400-3110,,ELEMENTARY/MIDDLE/HIGH,K-12,710,1,DISTRICT
-75.02759487,40.05976314,132,126515001,3801,8410,POLLOCK ROBERT B. SCHOOL,ROBERT B. POLLOCK SCHOOL,2875 WELSH RD,19152,(215) 400-3210,,ELEMENTARY/MIDDLE,K-8,745,1,DISTRICT
-75.15481777,39.91712676,133,126515001,3657,2690,TAGGART JOHN H. SCHOOL,JOHN H. TAGGART SCHOOL,400 W PORTER ST,19148,(215) 400-8290,,ELEMENTARY/MIDDLE,K-8,485,1,DISTRICT
-75.13814043,40.00707089,134,126515001,3755,7440,TAYLOR BAYARD SCHOOL,BAYARD TAYLOR SCHOOL,3698 N RANDOLPH ST,19140,(215) 400-3880,,ELEMENTARY SCHOOL,K-5,387,1,DISTRICT
-75.129736,40.006819,135,126515001,,5660,THE LINC,THE LINC,122 W ERIE AVE,19140,(215) 400-3940,,HIGH SCHOOL,45547,228,1,DISTRICT
-75.146256,39.981983,136,126515001,,5620,THE U SCHOOL,THE U SCHOOL,2000 N 7TH ST,19122,(215) 400-7460,,HIGH SCHOOL,45547,204,1,DISTRICT
-75.21855329,39.95530589,137,126515001,8328,8560,THE WORKSHOP SCHOOL,THE WORKSHOP SCHOOL,221 S HANSON ST,19139,(215) 400-7730,,HIGH SCHOOL,45547,189,1,DISTRICT
-75.23235807,39.92139141,138,126515001,3832,1130,TILDEN MIDDLE SCHOOL,WILLIAM T. TILDEN SCHOOL,6601 ELMWOOD AVE,19142,(215) 400-8170,,MIDDLE SCHOOL,45420,281,1,DISTRICT
-75.16548375,39.93941992,139,126515001,6996,2020,CREATIVE AND PERFORMING ARTS,HIGH SCHOOL FOR CREATIVE AND PERFORMING ARTS SCHOOL,901 S BROAD ST,19147,(215) 400-8140,,HIGH SCHOOL,45547,656,1,DISTRICT
-75.20555098,39.97073224,140,126513070,7557,3308,BELMONT ACADEMY CHARTER SCHOOL,BELMONT ACADEMY CHARTER SCHOOL,907 N 41ST ST,19104,(215) 386-5768,O,ELEMENTARY SCHOOL,PREK-K,240,2,CHARTER
-75.0171157,40.10487497,141,,,3322,PHILADELPHIA ACADEMY CHARTER SCHOOL (ANNEX),PHILADELPHIA ACADEMY CHARTER SCHOOL,1700 TOMLINSON RD,19116,(215) 673-3990,O,HIGH SCHOOL,45547,,2,CHARTER
-75.028222,40.088288,142,126515001,3803,8400,FRANK ANNE SCHOOL,ANNE FRANK SCHOOL,2000 BOWLER ST,19115,(215) 400-3070,,ELEMENTARY SCHOOL,K-5,1485,1,DISTRICT
-75.0851533,40.02162926,143,126515001,3850,7010,FRANKFORD HIGH SCHOOL,FRANKFORD HIGH SCHOOL,5000 OXFORD AVE,19124,(215) 400-7200,,HIGH SCHOOL,45547,861,1,DISTRICT
-75.162753,39.965049,144,126515001,6822,2290,FRANKLIN LEARNING CENTER,FRANKLIN LEARNING CENTER,616 N 15TH ST,19130,(215) 400-7570,,HIGH SCHOOL,45547,765,1,DISTRICT
-75.16164,39.96353,145,126515001,3851,2010,FRANKLIN BENJAMIN HIGH SCHOOL,BENJAMIN FRANKLIN HIGH SCHOOL,550 N BROAD ST,19130,(215) 400-7600,,HIGH SCHOOL,45547,545,1,DISTRICT
-75.10429308,40.04244824,146,126515001,7231,7280,FRANKLIN BENJAMIN SCHOOL,BENJAMIN FRANKLIN SCHOOL,5735 RISING SUN AVE,19120,(215) 400-3760,,ELEMENTARY/MIDDLE,K-8,593,1,DISTRICT
-75.150585,39.923762,147,126515001,3818,2160,FURNESS HORACE HIGH SCHOOL,FURNESS HIGH SCHOOL,1900 S 3RD ST,19148,(215) 400-8300,,HIGH SCHOOL,45547,822,1,DISTRICT
-75.18076338,39.98437492,148,126515001,3625,4530,GIDEON EDWARD SCHOOL,EDWARD GIDEON SCHOOL,2817 W GLENWOOD AVE,19121,(215) 400-7360,,ELEMENTARY/MIDDLE,K-8,189,1,DISTRICT
-75.18295641,39.92183158,149,126515001,7664,2410,GIRARD ACADEMIC MUSIC PROGRAM,GIRARD ACADEMIC MUSIC PROGRAM,2136 W RITNER ST,19145,(215) 400-8230,,MIDDLE/HIGH,45424,577,1,DISTRICT
-75.17681046,39.92455652,150,126515001,3776,2320,GIRARD STEPHEN SCHOOL,STEPHEN GIRARD SCHOOL,1800 SNYDER AVE,19145,(215) 400-8180,,ELEMENTARY SCHOOL,K-4,278,1,DISTRICT
-75.14522516,40.03870491,151,126515001,3843,6050,GIRLS PHILA HIGH SCHOOL FOR,PHILADELPHIA HIGH SCHOOL FOR GIRLS,1400 W OLNEY AVE,19141,(215) 400-3700,,HIGH SCHOOL,45547,724,1,DISTRICT
-75.23813307,39.99255491,152,126515001,3668,4280,GOMPERS SAMUEL SCHOOL,SAMUEL GOMPERS SCHOOL,5701 WYNNEFIELD AVE,19131,(215) 400-7250,,ELEMENTARY/MIDDLE,K-8,239,1,DISTRICT
-75.18354171,40.01235185,153,,,3327,LAB SCH OF COMMUNICAT'N & LANG (East Falls Campus),LABORATORY CHARTER SCHOOL OF COMMUNICATION AND LANGUAGES (EAST FALLS),3300 HENRY AVE,19129,(267) 817-4720,O,MIDDLE SCHOOL,45451,,2,CHARTER
-75.20907447,39.96387966,154,226518062,,,OUR MOTHER OF SORROWS/ST IGNATIUS OF LOYOLA SCHOOL,OUR MOTHER OF SORROWS/ST IGNATIUS OF LOYOLA SCHOOL,617 N 43RD ST,19104,(215) 222-3626,O,ELEMENTARY/MIDDLE,K-8,,3,PRIVATE
-74.9878482,40.08070238,155,126515001,,8320,JOHN HANCOCK DEMONSTRATION MIDDLE SCHOOL- LABRUM CAMPUS,JOHN HANCOCK DEMONSTRATION MIDDLE SCHOOL- LABRUM CAMPUS,10800 HAWLEY RD,19154,(215) 400-3122,O,MIDDLE SCHOOL,45451,,1,DISTRICT
-75.16545925,39.97985693,156,,,3374,ALLIANCE FOR PROGRESS CHARTER SCHOOL (ANNEX),ALLIANCE FOR PROGRESS CHARTER SCHOOL (ANNEX),1821 CECIL B MOORE AVE,19121,(215) 232-4892,O,MIDDLE SCHOOL,45451,,2,CHARTER
-75.15805622,39.95143224,157,126511530,,,FREIRE CHARTER SCHOOL,FREIRE CHARTER SCHOOL,1026 MARKET ST,19107,(267) 670-7499,,MIDDLE SCHOOL,45420,,2,CHARTER
-75.22908493,39.92251591,158,,,3810,ONE BRIGHT RAY-ELMWOOD CAMPUS,ONE BRIGHT RAY - ELMWOOD CAMPUS,6404 ELMWOOD AVE,19142,(215) 488-1177,,HIGH SCHOOL,45547,126,1,CONTRACTED
-75.13803873,39.99418029,159,,,8190,ONE BRIGHT RAY-FAIRHILL CAMPUS,ONE BRIGHT RAY - FAIRHILL CAMPUS,2820 N 4TH ST,19133,(215) 423-1776,,HIGH SCHOOL,45547,261,1,CONTRACTED
-75.10560096,40.00528,160,,,8890,ONE BRIGHT RAY-SIMPSON CAMPUS,ONE BRIGHT RAY - SIMPSON CAMPUS,1142 E ERIE AVE,19124,(215) 744-6000,,HIGH SCHOOL,45547,267,1,CONTRACTED
-75.15205995,40.03085306,161,126515001,3718,6300,LOGAN JAMES SCHOOL,JAMES LOGAN SCHOOL,1700 LINDLEY AVE,19141,(215) 400-3670,,ELEMENTARY SCHOOL,K-5,227,1,DISTRICT
-75.16688094,40.05536733,162,300513890,,,GREEN TREE SCHOOL,GREEN TREE SCHOOL,1196 E WASHINGTON LN,19138,(215) 866-0200,O,SPECIAL CENTER,UNGRADED,,3,PRIVATE
-75.1655742,39.93411513,163,,,3369,CHRISTOPHER COLUMBUS CHARTER SCHOOL (ANNEX),CHRISTOPHER COLUMBUS CHARTER SCHOOL (SOUTH),1242 S 13TH ST,19147,(215) 389-6000,O,MIDDLE SCHOOL,45420,,2,CHARTER
-75.2324374,39.94070433,164,126515001,6533,1350,LONGSTRETH WILLIAM C. SCHOOL,WILLIAM C. LONGSTRETH SCHOOL,5700 WILLOWS AVE,19143,(215) 400-7870,,ELEMENTARY/MIDDLE,K-8,248,1,DISTRICT
-75.2121502,40.02622535,165,326514508,,,CB COMMUNITY SCHOOLS,CB COMMUNITY SCHOOLS,4101 FREELAND AVE,19128,(267) 766-3130,,HIGH SCHOOL,45547,,3,PRIVATE
-75.1763391,39.97157331,166,226517510,,,CITY SCHOOL AT FAIRMOUNT,THE CITY SCHOOL AT FAIRMOUNT,860 N 24TH ST,19130,(215) 769-5363,,ELEMENTARY SCHOOL,PREK-5,,3,PRIVATE
-75.12629333,40.01547618,167,326512995,,,COMMUNITY COUNCIL LEARNING ACADEMY,COMMUNITY COUNCIL LEARNING ACADEMY,4224 N FRONT ST,19140,(215) 845-2670,,ELEMENTARY/MIDDLE/HIGH,45303,,3,PRIVATE
-75.21887909,40.03701178,168,226514088,,,ROXBOROUGH CHRISTIAN SCHOOL,ROXBOROUGH CHRISTIAN SCHOOL,6301 RIDGE AVE,19128,(267) 804-5715,,ELEMENTARY SCHOOL,PREK-4,,3,PRIVATE
-75.21960279,40.02516378,169,326510179,,,YALE SCHOOL OF PHILADELPHIA,YALE SCHOOL OF PHILADELPHIA,135 RECTOR ST,19127,(215) 839-0525,,ELEMENTARY/MIDDLE/HIGH,45303,,3,PRIVATE
-75.15153951,39.93967053,170,326512392,,,BEANSTALK LLC,BEANSTALK LLC,729 E PASSYUNK AVE,19147,(215) 278-2960,,PRE-K/KINDERGARTEN,PREK-K,,3,PRIVATE
-75.16095067,39.94071847,171,226518471,,,PHILLY AGILE LEARNING COMMUNITY SCHOOL,PHILLY AGILE LEARNING COMMUNITY SCHOOL,756 S 11TH ST,19147,(484) 816-7788,,ELEMENTARY/MIDDLE/HIGH,K-12,,3,PRIVATE
-75.13645727,40.01947287,172,226513821,,,VOCATIO CAREER PREP HIGH SCHOOL,VOCATIO CAREER PREP HIGH SCHOOL,4455 N 6TH ST,19140,(267) 603-3093,,HIGH SCHOOL,45547,,3,PRIVATE
-75.06493716,40.00780099,173,126513450,7666,3331,FRANKLIN TOWNE CHARTER SCHOOL,FRANKLIN TOWNE CHARTER HIGH SCHOOL,5301 TACONY ST,19137,(215) 289-5000,,HIGH SCHOOL,45547,1315,2,CHARTER
-75.07472434,39.99551599,174,147513703,8123,3403,FRANKLIN TOWNE ELEMENTARY,FRANKLIN TOWNE CHARTER ELEMENTARY SCHOOL,4259 RICHMOND ST,19137,(215) 289-3389,,ELEMENTARY/MIDDLE,K-8,957,2,CHARTER
-75.17442259,39.95247289,175,126513270,7586,3318,FREIRE CHARTER SCHOOL,FREIRE CHARTER SCHOOL,2027 CHESTNUT ST,19103,(215) 557-8555,,HIGH SCHOOL,45547,957,2,CHARTER
-75.22685833,39.95332691,176,126518004,,3428,G.L.A. CHARTER @ HUEY,GLOBAL LEADERSHIP ACADEMY AT HUEY,5200 PINE ST,19143,(215) 471-2978,,ELEMENTARY/MIDDLE,K-8,599,2,CHARTER
-75.16662807,39.96283571,177,,,8100,GATEWAY TO COLLEGE,GATEWAY TO COLLEGE - COMMUNITY COLLEGE OF PHILADELPHIA,1700 SPRING GARDEN ST RM M1-24,19130,(215) 751-8540,,HIGH SCHOOL,45547,67,1,CONTRACTED
-75.21554341,39.97331305,178,126513380,7639,3337,GLOBAL LEADERSHIP ACADEMY,GLOBAL LEADERSHIP ACADEMY CHARTER SCHOOL,4601 W GIRARD AVE,19131,(215) 477-6672,,ELEMENTARY/MIDDLE,K-8,672,2,CHARTER
-75.23399652,40.04309408,179,126510005,7748,3365,GREEN WOODS CHARTER SCHOOL,GREEN WOODS CHARTER SCHOOL,468 DOMINO LN,19128,(215) 482-6337,,ELEMENTARY/MIDDLE,K-8,705,2,CHARTER
-75.25226552,39.97320743,180,126512850,7511,3302,HARAMBEE INSTITUTE OF SCIENCE,HARAMBEE INSTITUTE OF SCIENCE AND TECHNOLOGY CHARTER SCHOOL,640 N 66TH ST,19151,(215) 472-8770,,ELEMENTARY/MIDDLE,K-8,554,2,CHARTER
-75.226447,39.941562,181,126513290,7588,3323,MASTERY CHARTER AT HARDY WILLIAMS,MASTERY CHARTER SCHOOL AT HARDY WILLIAMS,5400 WARRINGTON AVE,19143,(215) 724-2343,,ELEMENTARY/MIDDLE/HIGH,K-12,1185,2,CHARTER
-75.154717,40.049427,182,126512980,7542,3309,IMHOTEP CHARTER SCHOOL,IMHOTEP INSTITUTE CHARTER HIGH SCHOOL,6201 N 21ST ST,19138,(215) 438-4140,,HIGH SCHOOL,45547,618,2,CHARTER
-75.16900562,39.94493888,183,126513510,7683,3341,INDEPENDENCE CHARTER SCHOOL,INDEPENDENCE CHARTER SCHOOL,1600 LOMBARD ST,19146,(215) 238-8000,,ELEMENTARY/MIDDLE,K-8,802,2,CHARTER
-75.22530251,39.93714847,184,126512039,,3442,INDEPENDENCE CHARTER WEST,INDEPENDENCE CHARTER SCHOOL WEST,5600 CHESTER AVE,19143,(215) 724-5600,,ELEMENTARY/MIDDLE,K-8,844,2,CHARTER
-75.21217631,39.97499474,185,126513070,,3308,INQUIRY CHARTER SCHOOL,INQUIRY CHARTER SCHOOL,1301 BELMONT AVE,19104,(215) 386-5768,,ELEMENTARY SCHOOL,K-5,268,2,CHARTER
-75.04403671,40.02748275,186,182514568,7979,3389,KEYSTONE ACADEMY CHARTER,KEYSTONE ACADEMY CHARTER SCHOOL,4521 LONGSHORE AVE,19135,(215) 332-2111,,ELEMENTARY/MIDDLE,K-8,668,2,CHARTER
-75.22120017,39.97987331,187,126514864,,3353,KIPP DUBOIS CHARTER SCHOOL,KIPP DUBOIS CHARTER SCHOOL,5070 PARKSIDE AVE,19131,(215) 307-3465,,HIGH SCHOOL,45547,516,2,CHARTER
-75.17424495,40.00140036,188,126510013,7776,3370,KIPP PHILADELPHIA CHARTER,KIPP PHILADELPHIA CHARTER SCHOOL,3001 N 27TH ST,19132,(215) 227-1728,,ELEMENTARY/MIDDLE,K-8,861,2,CHARTER
-75.22121311,39.97959137,189,126515492,,3443,KIPP WEST PHILA CHARTER SCHOOL,KIPP WEST PHILADELPHIA CHARTER SCHOOL,5070 PARKSIDE AVE,19131,(267) 787-5700,,ELEMENTARY SCHOOL,K-4,845,2,CHARTER
-75.16172667,39.94002385,190,126515001,7904,2620,ACADEMY AT PALUMBO,ACADEMY AT PALUMBO,1100 CATHARINE ST,19147,(215) 400-8130,,HIGH SCHOOL,45547,1188,1,DISTRICT
-75.13027907,39.97248603,191,126515001,7256,5200,ADAIRE ALEXANDER SCHOOL,ALEXANDER ADAIRE SCHOOL,1300 E PALMER ST,19125,(215) 400-7480,,ELEMENTARY/MIDDLE,K-8,418,1,DISTRICT
-75.18360496,39.99718235,192,126515001,5292,4440,ALLEN DR. ETHEL SCHOOL,DR. ETHEL ALLEN SCHOOL,3200 W LEHIGH AVE,19132,(215) 400-7040,,ELEMENTARY/MIDDLE,K-8,314,1,DISTRICT
-75.06191672,40.02984539,193,126515001,3758,8200,ALLEN ETHAN SCHOOL,ETHAN ALLEN SCHOOL ,6329 BATTERSBY ST,19149,(215) 400-3270,,ELEMENTARY/MIDDLE,K-8,917,1,DISTRICT
-75.09728664,39.98536631,194,126515001,6823,5430,AMY 5 AT JAMES MARTIN,ALTERNATIVE MIDDLE YEARS AT JAMES MARTIN ,3380 RICHMOND ST,19134,(215) 400-7190,,MIDDLE SCHOOL,45451,208,1,DISTRICT
-75.21278674,40.03106063,195,126515001,7024,6480,AMY NORTHWEST,ACADEMY FOR THE MIDDLE YEARS AT NORTHWEST,6000 RIDGE AVE,19128,(215) 400-3460,,MIDDLE SCHOOL,45451,134,1,DISTRICT
-75.245717,39.946726,196,126515001,3804,1460,ANDERSON ADD B. SCHOOL,ADD B. ANDERSON SCHOOL,1034 S 60TH ST,19143,(215) 400-7890,,ELEMENTARY/MIDDLE,K-8,371,1,DISTRICT
-75.17589863,39.94186447,197,126515001,3805,2480,MARIAN ANDERSON NEIGHBORHOOD ACADEMY,MARIAN ANDERSON NEIGHBORHOOD ACADEMY,2000 CATHARINE ST,19146,(215) 400-7940,,ELEMENTARY/MIDDLE,K-8,309,1,DISTRICT
-75.08133146,40.06219029,198,126515001,3762,8230,CROSSAN KENNEDY C. SCHOOL,KENNEDY C. CROSSAN SCHOOL,7350 BINGHAM ST,19111,(215) 400-3160,,ELEMENTARY SCHOOL,K-5,319,1,DISTRICT
-75.16808656,40.05863021,199,126515001,3706,6200,DAY ANNA B. SCHOOL,ANNA B. DAY SCHOOL,6324 CRITTENDEN ST,19138,(215) 400-3520,,ELEMENTARY/MIDDLE,K-8,336,1,DISTRICT
-75.13862743,39.99275164,200,126515001,7175,5170,DEBURGOS J. ELEMENTARY,JULIA DE BURGOS SCHOOL,401 W LEHIGH AVE,19133,(215) 400-7080,,ELEMENTARY/MIDDLE,K-8,608,1,DISTRICT
-74.97056957,40.09573208,201,126515001,4727,8420,DECATUR STEPHEN SCHOOL,STEPHEN DECATUR SCHOOL,3500 ACADEMY RD,19154,(215) 400-3050,,ELEMENTARY/MIDDLE,K-8,966,1,DISTRICT
-75.173787,39.98673,202,126515001,3786,4270,DICK WILLIAM SCHOOL,WILLIAM DICK SCHOOL,2498 W DIAMOND ST,19121,(215) 400-7340,,ELEMENTARY/MIDDLE,K-8,309,1,DISTRICT
-75.04674033,40.02833862,203,126515001,3763,8240,DISSTON HAMILTON SCHOOL,HAMILTON DISSTON SCHOOL,6801 COTTAGE ST,19135,(215) 400-3350,,ELEMENTARY/MIDDLE,K-8,737,1,DISTRICT
-75.16689592,39.99514252,204,126515001,3841,4060,DOBBINS MURRELL HIGH SCHOOL,MURRELL DOBBINS CAREER AND TECHNICAL HIGH SCHOOL,2150 W LEHIGH AVE,19132,(215) 400-7050,,HIGH SCHOOL,45547,774,1,DISTRICT
-75.23054572,40.03141628,205,126515001,3726,6450,DOBSON JAMES SCHOOL,JAMES DOBSON SCHOOL,4667 UMBRIA ST,19127,(215) 400-3570,,ELEMENTARY/MIDDLE,K-8,230,1,DISTRICT
-75.15895357,39.98530564,206,126515001,5040,4460,DUCKREY TANNER SCHOOL,TANNER G. DUCKREY SCHOOL,1501 W DIAMOND ST,19121,(215) 400-7350,,ELEMENTARY/MIDDLE,K-8,429,1,DISTRICT
-75.15417809,39.97920001,207,126515001,3687,5250,DUNBAR PAUL L. SCHOOL,PAUL L. DUNBAR SCHOOL,1750 N 12TH ST,19122,(215) 400-7410,,ELEMENTARY/MIDDLE,K-8,231,1,DISTRICT
-75.1294425,40.01185451,208,126515001,3849,5020,EDISON THOMAS A. HIGH SCHOOL,THOMAS A. EDISON HIGH SCHOOL,151 W LUZERNE ST,19140,(215) 400-3900,,HIGH SCHOOL,45547,897,1,DISTRICT
-75.17099987,40.07296126,209,126515001,3708,6210,EDMONDS FRANKLIN S. SCHOOL,FRANKLIN S. EDMONDS SCHOOL,8025 THOURON AVE,19150,(215) 400-3370,,ELEMENTARY/MIDDLE,K-8,366,1,DISTRICT
-75.12091238,39.99699286,210,126515001,3688,5260,ELKIN LEWIS SCHOOL,LEWIS ELKIN SCHOOL,3199 D ST,19134,(215) 400-7140,,ELEMENTARY SCHOOL,K-4,533,1,DISTRICT
-75.13853809,40.05502495,211,126515001,3738,7260,ELLWOOD SCHOOL,ELLWOOD SCHOOL,6701 N 13TH ST,19126,(215) 400-3540,,ELEMENTARY SCHOOL,K-5,271,1,DISTRICT
-75.1781403,40.05410288,212,126515001,3709,6220,EMLEN ELEANOR C. SCHOOL,ELEANOR C. EMLEN SCHOOL,6501 CHEW AVE,19119,(215) 400-3470,,ELEMENTARY SCHOOL,K-5,296,1,DISTRICT
-75.16127789,39.98341809,213,126515001,7023,4030,ENGINEERING & SCIENCE HIGH,HIGH SCHOOL OF ENGINEERING AND SCIENCE,1600 W NORRIS ST,19121,(215) 400-7380,,MIDDLE/HIGH,45485,843,1,DISTRICT
-75.05233798,40.06648614,214,126515001,7235,8380,FARRELL LOUIS H. SCHOOL,LOUIS H. FARRELL SCHOOL,8300 CASTOR AVE,19152,(215) 400-3230,,ELEMENTARY/MIDDLE,K-8,1150,1,DISTRICT
-75.16310736,39.91545112,215,126515001,7226,2190,FELL D. NEWLIN SCHOOL,D. NEWLIN FELL SCHOOL,900 W OREGON AVE,19148,(215) 400-8260,,ELEMENTARY/MIDDLE,K-8,534,1,DISTRICT
-75.09241107,40.03622126,216,126515001,3816,7120,FELS SAMUEL HIGH SCHOOL,SAMUEL FELS HIGH SCHOOL,5500 LANGDON ST,19124,(215) 400-7100,,HIGH SCHOOL,45547,1238,1,DISTRICT
-75.12167041,40.01933617,217,126515001,7368,7500,FELTONVILLE ARTS & SCIENCES,FELTONVILLE SCHOOL OF ARTS AND SCIENCES,210 E COURTLAND ST,19120,(215) 400-3810,,MIDDLE SCHOOL,45451,555,1,DISTRICT
-75.12102564,40.02034002,218,126515001,3751,7310,FELTONVILLE INTERMEDIATE,FELTONVILLE INTERMEDIATE SCHOOL,238 E WYOMING AVE,19120,(215) 400-3730,,ELEMENTARY SCHOOL,45356,502,1,DISTRICT
-75.119176,40.043608,219,126515001,3739,7270,FINLETTER THOMAS K. SCHOOL,THOMAS K. FINLETTER SCHOOL,6100 N FRONT ST,19120,(215) 400-3750,,ELEMENTARY/MIDDLE,K-8,632,1,DISTRICT
-75.16633733,40.02610052,220,126515001,6913,6230,FITLER ACADEMICS PLUS,FITLER ACADEMICS PLUS SCHOOL,140 W SEYMOUR ST,19144,(215) 400-3610,,ELEMENTARY/MIDDLE,K-8,177,1,DISTRICT
-74.976529,40.080306,221,126515001,3731,8390,FITZPATRICK A. L. SCHOOL,A.L. FITZPATRICK SCHOOL,11061 KNIGHTS RD,19154,(215) 400-3060,,ELEMENTARY/MIDDLE,K-8,791,1,DISTRICT
-75.16104776,39.9275784,222,226519042,,,ST ANTHONY OF PADUA REGIONAL CATHOLIC SCHOOL,ST ANTHONY OF PADUA REGIONAL CATHOLIC SCHOOL,913 PIERCE ST,19148,(215) 468-0353,O,ELEMENTARY/MIDDLE,PREK-8,,3,ARCHDIOCESE
-75.17686612,39.96657182,223,226517652,,,ST FRANCIS XAVIER SCHOOL,ST FRANCIS XAVIER SCHOOL,641-51 N 24TH ST,19130,(215) 763-6564,O,ELEMENTARY/MIDDLE,PREK-8,,3,ARCHDIOCESE
-75.1619642,39.95829954,224,226515602,,,ROMAN CATHOLIC HIGH SCHOOL,ROMAN CATHOLIC HIGH SCHOOL,301 N BROAD ST,19107,(215) 627-1270,O,HIGH SCHOOL,45547,,3,ARCHDIOCESE
-75.15520858,39.95753197,225,226512352,,,HOLY REDEEMER SCHOOL,HOLY REDEEMER CHINESE CATHOLIC SCHOOL,903-27 VINE ST,19107,(215) 922-0999,O,ELEMENTARY/MIDDLE,K-8,,3,ARCHDIOCESE
-75.14471609,40.01352072,226,226512952,,,LITTLE FLOWER CATHOLIC SCHOOL,LITTLE FLOWER CATHOLIC SCHOOL,1000 W LYCOMING ST,19140,(215) 455-6900,O,HIGH SCHOOL,45547,,3,ARCHDIOCESE
-75.03069844,40.05585922,227,226510502,,,SAINT LUCY SCHOOL FOR THE VISUALLY IMPAIRED,SAINT LUCY SCHOOL FOR THE VISUALLY IMPAIRED,3031 STAMFORD ST,19136,(215) 333-2496,O,ELEMENTARY/MIDDLE,K-8,,3,ARCHDIOCESE
-75.13897538,40.00491212,228,226519442,,,ST VERONICA SCHOOL,ST VERONICA SCHOOL,3501-25 N 6TH ST,19140,(215) 225-1575,O,ELEMENTARY/MIDDLE,K-8,,3,PRIVATE
-75.09334878,39.98858911,229,226517752,,,ST GEORGE SCHOOL,ST GEORGE SCHOOL,2700 E VENANGO ST,19134,(215) 634-8803,O,ELEMENTARY/MIDDLE,PREK-8,,3,ARCHDIOCESE
-75.14728714,39.96772194,230,226511132,,,THE CITY SCHOOL,THE CITY SCHOOL,910 N 6TH ST,19123,(215) 731-1930,O,MIDDLE/HIGH,45455,,3,PRIVATE
-74.97408107,40.082649,231,126515001,8039,8040,ARTS ACADEMY AT BENJAMIN RUSH,ARTS ACADEMY AT BENJAMIN RUSH,11081 KNIGHTS RD,19154,(215) 400-3030,,HIGH SCHOOL,45547,583,1,DISTRICT
-75.02879935,40.04078817,232,226512042,,,HOLMESBURG CHRISTIAN ACADEMY,HOLMESBURG CHRISTIAN ACADEMY,7927 FRANKFORD AVE,19136,(215) 335-4323,O,ELEMENTARY/MIDDLE,PREK-8,,3,PRIVATE
-75.17214674,40.03250652,233,226511702,,,GERMANTOWN FRIENDS SCHOOL,GERMANTOWN FRIENDS SCHOOL,31 W COULTER ST,19144,(215) 951-2300,O,ELEMENTARY/MIDDLE/HIGH,PREK-12,,3,PRIVATE
-75.17457797,40.03325602,234,226511952,,,GREENE STREET FRIENDS SCHOOL,GREENE STREET FRIENDS SCHOOL,5511 GREENE ST,19144,(215) 438-7000,O,ELEMENTARY/MIDDLE,PREK-8,,3,PRIVATE
-75.18357915,40.03392854,235,300517255,,,WALDORF SCHOOL OF PHILADELPHIA,WALDORF SCHOOL OF PHILADELPHIA,6000 WAYNE AVE,19144,(215) 248-1662,O,ELEMENTARY/MIDDLE,PREK-8,,3,PRIVATE
-75.1859343,40.05335017,236,226510019,,,JESUS IS THE WAY CHRISTIAN ACADEMY,JESUS IS THE WAY CHRISTIAN ACADEMY,6753 GERMANTOWN AVE,19119,(267) 970-9779,O,ELEMENTARY/MIDDLE,PREK-8,,3,PRIVATE
-75.15063347,39.9473812,237,326510174,,,"CHESTERBROOK ACADEMY
",CHESTERBROOK ACADEMY,510 WALNUT ST,19106,(215) 709-9354,O,PRE-K/KINDERGARTEN,PREK-K,,3,PRIVATE
-75.15899607,40.00267548,238,226510080,,,CRISTO REY PHILADELPHIA HIGH SCHOOL,CRISTO REY PHILADELPHIA HIGH SCHOOL,1717 W ALLEGHENY AVE,19132,(215) 219-3943,O,HIGH SCHOOL,45547,,3,PRIVATE
-75.11538218,40.02730288,239,226510081,,,OLNEY CHRISTIAN SCHOOL,OLNEY CHRISTIAN SCHOOL,425 E ROOSEVELT BLVD,19120,(215) 324-2323,O,ELEMENTARY SCHOOL,K-8,,3,PRIVATE
-75.16761181,39.9225741,240,226511502,,,OUR LADY OF HOPE REGIONAL CATHOLIC SCHOOL,OUR LADY OF HOPE,1248 JACKSON ST,19148,(215) 467-5385,O,ELEMENTARY/MIDDLE,PREK-8,,3,ARCHDIOCESE
-75.18212833,39.91005701,241,226510086,,,PHILADELPHIA CLASSICAL SCHOOL,PHILADELPHIA CLASSICAL SCHOOL,3301 S 20TH ST,19145,(267) 990-2698,O,ELEMENTARY/MIDDLE/HIGH,K-12,,3,PRIVATE
-75.21843691,39.94438106,242,226510071,,,PHILADELPHIA FREE SCHOOL,PHILADELPHIA FREE SCHOOL,4950 SPRINGFIELD AVE,19143,(215) 218-9586,O,ELEMENTARY/MIDDLE/HIGH,PREK-12,,3,PRIVATE
-75.17427337,40.03202109,243,300517000,,,PENNSYLVANIA SCHOOL FOR THE DEAF,PENNSYLVANIA SCHOOL FOR THE DEAF,100-52 W SCHOOL HOUSE LA,19144,(215) 951-4700,O,ELEMENTARY/MIDDLE/HIGH,PREK-12,,3,PRIVATE
-75.2502436,39.98283013,244,300516590,,,OVERBROOK SCHOOL FOR BLIND,OVERBROOK SCHOOL FOR BLIND,6333 MALVERN AVE,19151,(215) 877-0313,O,ELEMENTARY/MIDDLE/HIGH,PREK-12,,3,PRIVATE
-75.17173057,39.97387161,245,226511852,,,GIRARD COLLEGE,GIRARD COLLEGE,2101 S COLLEGE AVE,19121,(215) 787-2600,O,ELEMENTARY/MIDDLE/HIGH,45303,,3,PRIVATE
-75.20675401,39.9500312,246,226515832,,,THE CITY SCHOOL AT SPRUCE HILL,THE CITY SCHOOL AT SPRUCE HILL,4115 BALTIMORE AVE,19104,(215) 382-7839,O,ELEMENTARY SCHOOL,K-5,,3,PRIVATE
-75.03516518,40.03335266,247,326510170,,,BRIDGE WAY SCHOOL,BRIDGE WAY SCHOOL,7360 JACKSON ST,19136,(267) 437-2194,O,UNGRADED,45547,,3,PRIVATE
-75.25294676,39.98828266,248,300516560,,,OVERBROOK PRESBYTERIAN CHURCH PRESCHOOL & KINDERGARTEN,OVERBROOK PRESBYTERIAN CHURCH PRESCHOOL & KINDERGARTEN,6376-78 CITY AVE,19151,215) 877-8945,O,PRE-K/KINDERGARTEN,PREK-K,,3,PRIVATE
-75.02124084,40.10143719,249,326510175,,,ANN KIDS,ANN KIDS,10100 JAMISON AVE,19116,(215) 941-7088,O,PRE-K/KINDERGARTEN,PREK-K,,3,PRIVATE
-75.214961,39.99784596,250,300515921,,,METHODIST SERVICES FOR CHILDREN AND FAMILIES,METHODIST SERVICES FOR CHILDREN AND FAMILIES,4300 MONUMENT RD,19131,(215) 877-1925,O,PRE-K/KINDERGARTEN,PREK-K,,3,PRIVATE
-75.17407713,39.97002529,251,126515001,3618,2210,BACHE-MARTIN SCHOOL,BACHE-MARTIN SCHOOL,2201 BROWN ST,19130,(215) 400-7550,,ELEMENTARY/MIDDLE,K-8,533,1,DISTRICT
-75.05263084,40.09200603,252,126515001,6824,8160,BALDI MIDDLE SCHOOL,BALDI SCHOOL,8801 VERREE RD,19115,(215) 400-3090,,MIDDLE SCHOOL,45451,1516,1,DISTRICT
-75.23860376,39.96437494,253,126515001,8029,1200,BARRY JOHN ELEMENTARY SCHOOL,JOHN BARRY SCHOOL,5900 RACE ST,19139,(215) 400-7640,,ELEMENTARY/MIDDLE,K-8,493,1,DISTRICT
-75.11954959,40.02037361,254,126515001,3732,7200,BARTON SCHOOL,CLARA BARTON SCHOOL,4600 ROSEHILL ST,19120,(215) 400-3720,,ELEMENTARY SCHOOL,K-2,506,1,DISTRICT
-75.23386158,39.92168313,255,126515001,3847,1010,BARTRAM JOHN HIGH SCHOOL,JOHN BARTRAM HIGH SCHOOL,2401 S 67TH ST,19142,(215) 400-8100,,HIGH SCHOOL,45547,526,1,DISTRICT
-75.15277225,39.93394149,256,126515001,3659,2720,VARE-WASHINGTON ELEMENTARY,VARE-WASHINGTON SCHOOL,1198 S 5TH ST,19147,(215) 400-8120,,ELEMENTARY/MIDDLE,K-8,311,1,DISTRICT
-75.174186,39.976325,257,126515001,,5180,VAUX HIGH SCHOOL,VAUX HIGH SCHOOL: A BIG PICTURE,2300 W MASTER ST,19121,(267) 507-9690,,HIGH SCHOOL,45547,305,1,DISTRICT
-75.16067477,39.96810141,258,126510004,7685,3335,PEOPLE FOR PEOPLE,PEOPLE FOR PEOPLE CHARTER SCHOOL,800 N BROAD ST,19130,(215) 763-7060,,ELEMENTARY/MIDDLE/HIGH,K-12,548,2,CHARTER
-75.21572624,39.96136565,259,,,2530,PHILADELPHIA JUVENILE JUSTICE SERVICES CENTER,PHILADELPHIA JUVENILE JUSTICE SERVICES CENTER SCHOOL,91 N 48TH ST,19139,(215) 683-3495,,ELEMENTARY/MIDDLE/HIGH,K-12,210,1,DISTRICT
-75.12628857,40.01504529,260,126515001,,8470,PHILADELPHIA LEARNING ACADEMY-NORTH,PHILADELPHIA LEARNING ACADEMY NORTH,4224 N FRONT ST,19140,(215) 400-9050,,MIDDLE/HIGH,45516,88,1,DISTRICT
-75.21044892,39.96945775,261,126515001,8121,8460,PHILADELPHIA LEARNING ACADEMY-WEST,PHILADELPHIA LEARNING ACADEMY WEST,4300 WESTMINSTER AVE,19104,(215) 400-9080,,HIGH SCHOOL,45547,60,1,DISTRICT
-75.17150855,39.91782575,262,126513400,7647,3336,PHILADELPHIA PERFORMING ARTS-BROAD ST,PHILADELPHIA PERFORMING ARTS: A STRING THEORY CHARTER SCHOOL,2600 S BROAD ST,19145,(215) 551-4000,,ELEMENTARY SCHOOL,45327,2621,2,CHARTER
-75.00978621,40.10370425,263,126513280,7587,3322,PHILADELPHIA ACADEMY,PHILADELPHIA ACADEMY CHARTER SCHOOL,11000 ROOSEVELT BLVD,19116,(215) 676-8320,,ELEMENTARY/MIDDLE/HIGH,K-8,1144,2,CHARTER
-75.08659641,40.02480406,264,126515691,,3422,PHILADELPHIA CHARTER FOR ARTS,THE PHILADELPHIA CHARTER SCHOOL FOR ARTS AND SCIENCES,1197 HAWORTH ST,19124,(215) 537-2520,,ELEMENTARY/MIDDLE,K-8,930,2,CHARTER
-75.16821918,39.95650488,265,126510009,7737,3358,PHILADELPHIA ELECTRICAL AND TECHNOLOGY CHARTER SCHOOL,PHILADELPHIA ELECTRICAL AND TECHNOLOGY CHARTER SCHOOL,1709 BENJAMIN FRANKLIN PKWY,19103,(267) 514-1823,,HIGH SCHOOL,45547,627,2,CHARTER
-75.24515327,39.91656437,266,126510016,7828,3378,PHILADELPHIA MONTESSORI,PHILADELPHIA MONTESSORI CHARTER SCHOOL,2227 ISLAND AVE,19142,(215) 365-4011,,ELEMENTARY SCHOOL,K-6,261,2,CHARTER
-75.15407588,39.99441874,267,,,8450,YES PHILLY,YES PHILLY,2709 N BROAD ST,19132,(215) 769-0340,,HIGH SCHOOL,45547,126,1,CONTRACTED
-75.14817829,39.96769924,268,126513250,7584,3329,YOUNG SCHOLARS CHARTER SCHOOL,YOUNG SCHOLARS CHARTER SCHOOL,900 N MARSHALL ST,19123,(215) 232-9727,,MIDDLE SCHOOL,45451,256,2,CHARTER
-75.15863287,39.97290649,269,126512870,7513,3304,YOUTHBUILD PHILADELPHIA CHARTER,YOUTHBUILD PHILADELPHIA CHARTER SCHOOL,1231 N BROAD ST - 3RD FLR,19122,(215) 627-8671,,HIGH SCHOOL,12,256,2,CHARTER
-75.146598,40.036706,270,126515001,3728,6400,WIDENER MEMORIAL SCHOOL,WIDENER MEMORIAL SCHOOL,1450 W OLNEY AVE,19141,(215) 400-3710,,ELEMENTARY/MIDDLE/HIGH,K-12,137,1,DISTRICT
-75.1162218,39.99335147,271,126515001,6544,5440,WILLARD FRANCES E. SCHOOL,FRANCES E. WILLARD SCHOOL,1930 E ELKHART ST,19134,(215) 400-7180,,ELEMENTARY SCHOOL,K-4,407,1,DISTRICT
-75.069086,40.052367,272,126515001,7253,8120,CASTOR GARDENS MIDDLE SCHOOL,CASTOR GARDENS MIDDLE SCHOOL,1800 COTTMAN AVE,19111,(215) 400-3190,,MIDDLE SCHOOL,45451,1273,1,DISTRICT
-75.17749652,39.99027122,273,126515001,,4470,WRIGHT RICHARD R. SCHOOL,RICHARD R. WRIGHT SCHOOL,2201 N 28TH ST,19132,(215) 400-7030,,ELEMENTARY SCHOOL,K-5,239,1,DISTRICT
-75.07537117,40.03011219,274,126515001,7233,7460,ZIEGLER WILLIAM H. SCHOOL,WILLIAM H. ZIEGLER SCHOOL,5935 SAUL ST,19149,(215) 400-3260,,ELEMENTARY/MIDDLE,K-8,514,1,DISTRICT
-75.10292761,40.02635929,275,,,3290,EXCEL ACADEMY SOUTH,EXCEL ACADEMY SOUTH,4641 ROOSEVELT BLVD,19124,(215) 904-6254,,HIGH SCHOOL,45547,207,1,CONTRACTED
-75.073892,40.019786,276,126517286,8151,3409,MASTERY CHARTER @ SMEDLEY,MASTERY CHARTER SCHOOL AT SMEDLEY,1790 BRIDGE ST,19124,(215) 537-2523,,ELEMENTARY SCHOOL,K-6,761,2,CHARTER
-75.16672633,40.03320395,277,126518118,3731,3427,MASTERY CHARTER @ WISTER,MASTERY CHARTER SCHOOL AT WISTER,67 E BRINGHURST ST,19144,(215) 951-4003,,ELEMENTARY SCHOOL,K-5,505,2,CHARTER
-75.14701419,39.94952698,278,126510002,7678,3361,MASTERY CHARTER-LENFEST CAMPUS,MASTERY CHARTER SCHOOL AT LENFEST,35 S 4TH ST,19106,(215) 922-1902,,MIDDLE/HIGH,45485,634,2,CHARTER
-75.228437,39.975799,279,126510022,7909,3383,MASTERY CHARTER-SHOEMAKER,MASTERY CHARTER SCHOOL AT SHOEMAKER,5301 MEDIA ST,19131,(267) 296-7111,,MIDDLE/HIGH,45485,751,2,CHARTER
-75.16364675,39.91467096,280,126510023,7910,3385,MASTERY CHARTER-THOMAS CAMPUS,MASTERY CHARTER SCHOOL AT THOMAS CAMPUS,927 JOHNSTON ST,19148,(267) 236-0036,,MIDDLE/HIGH,45485,1355,2,CHARTER
-75.16095553,39.961152,281,126513230,7582,3321,MATH CIVICS AND SCIENCES,MATH CIVICS AND SCIENCES CHARTER SCHOOL,447 N BROAD ST,19123,(215) 923-4880,,ELEMENTARY/MIDDLE/HIGH,45303,923,2,CHARTER
-75.158039,39.992038,282,126514059,,3437,KIPP NORTH PHILADELPHIA CHARTER SCHOOL,KIPP NORTH PHILADELPHIA CHARTER SCHOOL,2539 N 16TH ST,19132,(267) 758-2509,,ELEMENTARY SCHOOL,K-5,660,2,CHARTER
-75.24771793,39.98461412,283,126510015,7825,3379,AD PRIMA CHARTER SCHOOL,AD PRIMA CHARTER SCHOOL,1922 N 63RD ST,19151,(267) 403-2672,,ELEMENTARY/MIDDLE,K-8,576,2,CHARTER
-75.16394643,39.979285,284,126512990,7543,3315,ALLIANCE FOR PROGRESS CHARTER,ALLIANCE FOR PROGRESS CHARTER SCHOOL,"1722 CECIL B MOORE AVE
",19121,(215) 232-4892,,ELEMENTARY SCHOOL,K-5,637,2,CHARTER
-75.13085308,40.01312154,285,104510394,8031,3395,ANTONIA PANTOJA CHARTER SCHOOL,ANTONIA PANTOJA CHARTER SCHOOL,4101 N AMERICAN ST,19140,(215) 329-2733,,ELEMENTARY/MIDDLE,K-8,709,2,CHARTER
-75.12564444,39.99872989,286,133513315,8149,3406,JOHN B STETSON MIDDLE SCHOOL,JOHN B STETSON MIDDLE SCHOOL,3200 B ST,19134,(215) 400-9150,,MIDDLE SCHOOL,45420,540,1,DISTRICT
-75.17242149,40.02510821,287,126515001,5294,6470,KELLY JOHN B. SCHOOL,JOHN B. KELLY SCHOOL,5116 PULASKI AVE,19144,(215) 400-3580,,ELEMENTARY SCHOOL,K-5,352,1,DISTRICT
-75.15406347,40.00511262,288,126515001,3795,4360,KENDERTON ELEMENTARY,KENDERTON ELEMENTARY SCHOOL,1500 W ONTARIO ST,19140,(215) 400-8340,,ELEMENTARY/MIDDLE,K-8,288,1,DISTRICT
-75.13340621,39.97730571,289,126515001,7852,5520,KENSINGTON CAPA,KENSINGTON HIGH SCHOOL FOR CREATIVE AND PERFORMING ARTS,1901 N FRONT ST,19122,(215) 400-7400,,HIGH SCHOOL,45547,503,1,DISTRICT
-75.12851042,39.98473262,290,126515001,7855,5550,KENSINGTON HEALTH SCIENCES,KENSINGTON HEALTH SCIENCES ACADEMY,2463 EMERALD ST,19125,(215) 400-3600,,HIGH SCHOOL,45547,452,1,DISTRICT
-75.12636908,39.98443161,291,126515001,8143,5700,KENSINGTON HIGH SCHOOL,KENSINGTON HIGH SCHOOL,2051 E CUMBERLAND ST,19125,(215) 400-7700,,HIGH SCHOOL,45547,477,1,DISTRICT
-75.16050974,39.92088318,292,126515001,7228,2540,KEY FRANCIS SCOTT SCHOOL,FRANCIS S. KEY SCHOOL,2230 S 8TH ST,19148,(215) 400-8250,,ELEMENTARY SCHOOL,K-6,389,1,DISTRICT
-75.16167786,40.05646202,293,126515001,6675,6060,KING MARTIN LUTHER HIGH SCHOOL,MARTIN LUTHER KING HIGH SCHOOL,6100 STENTON AVE,19138,(215) 400-3500,,HIGH SCHOOL,45547,538,1,DISTRICT
-75.156466,39.93002,294,126515001,3647,2580,KIRKBRIDE ELIZA B. SCHOOL,ELIZA B. KIRKBRIDE SCHOOL,1501 S 7TH ST,19147,(215) 400-7980,,ELEMENTARY/MIDDLE,K-8,478,1,DISTRICT
-75.24561411,39.9819822,295,126515001,7472,4370,OVERBROOK ELEMENTARY SCHOOL,OVERBROOK ELEMENTARY SCHOOL,2032 N 62ND ST,19151,(215) 400-7520,,ELEMENTARY/MIDDLE,K-8,215,1,DISTRICT
-75.238556,39.981028,296,126515001,3857,4020,OVERBROOK HIGH SCHOOL,OVERBROOK HIGH SCHOOL,5898 LANCASTER AVE,19131,(215) 400-7300,,HIGH SCHOOL,45547,394,1,DISTRICT
-75.1592865,39.96300501,297,126515001,7782,5080,PARKWAY CENTER CITY MIDDLE COLLEGE HIGH SCHOOL,PARKWAY CENTER CITY MIDDLE COLLEGE HIGH SCHOOL,540 N 13TH ST,19123,(215) 400-7620,,HIGH SCHOOL,45547,426,1,DISTRICT
-75.21580855,39.96460264,298,126515001,7808,5090,PARKWAY WEST HIGH SCHOOL,PARKWAY WEST HIGH SCHOOL,4725 FAIRMOUNT AVE,19139,(215) 400-7710,,HIGH SCHOOL,45547,167,1,DISTRICT
-75.16517037,40.0564531,299,126515001,6548,5070,PARKWAY-NORTHWEST HIGH SCHOOL,PARKWAY NORTHWEST HIGH SCHOOL,6200 CRITTENDEN ST,19138,(215) 400-3390,,HIGH SCHOOL,45547,219,1,DISTRICT
-75.236762,39.916095,300,126515001,3613,1400,PATTERSON JOHN M. SCHOOL,JOHN M. PATTERSON SCHOOL,7000 BUIST AVE,19142,(215) 400-8190,,ELEMENTARY SCHOOL,K-4,351,1,DISTRICT
-75.16831705,39.99862203,301,126515001,3675,4380,PEIRCE THOMAS M. SCHOOL,THOMAS M. PEIRCE SCHOOL,2300 W CAMBRIA ST,19132,(215) 400-7020,,ELEMENTARY SCHOOL,K-5,190,1,DISTRICT
-75.208187,39.953099,302,126515001,7706,1280,PENN ALEXANDER SCHOOL,SADIE ALEXANDER SCHOOL,4209 SPRUCE ST,19104,(215) 400-7760,,ELEMENTARY/MIDDLE,K-8,584,1,DISTRICT
-75.12715504,39.97270832,303,126515001,7244,5160,PENN TREATY HIGH SCHOOL,PENN TREATY HIGH SCHOOL,600 E THOMPSON ST,19125,(215) 400-3800,,MIDDLE/HIGH,45455,430,1,DISTRICT
-75.15078148,40.043394,304,126515001,3722,6340,PENNELL JOSEPH ELEMENTARY,JOSEPH PENNELL SCHOOL,1800 NEDRO AVE,19141,(215) 400-3680,,ELEMENTARY SCHOOL,K-5,281,1,DISTRICT
-75.15894649,40.06525505,305,126515001,6539,6350,PENNYPACKER SAMUEL SCHOOL,SAMUEL PENNYPACKER SCHOOL,1858 E WASHINGTON LN,19138,(215) 400-3510,,ELEMENTARY/MIDDLE,K-8,315,1,DISTRICT
-75.24762309,39.90781232,306,126515001,3616,1440,PENROSE SCHOOL,PENROSE SCHOOL,2515 S 78TH ST,19153,(215) 400-8310,,ELEMENTARY/MIDDLE,K-8,381,1,DISTRICT
-75.15443594,39.98540808,307,126515001,7850,5050,PHILADELPHIA MILITARY ACADEMY,PHILADELPHIA MILITARY ACADEMY,2118 N 13TH ST,19122,(215) 400-7420,,HIGH SCHOOL,45547,320,1,DISTRICT
-75.1565361,40.0563225,308,326510173,,,EXCELSIOR SCHOOL OF PHILADELPHIA,EXCELSIOR SCHOOL OF PHILADELPHIA,2106 HAINES ST,19138,(267) 900-5494,,ELEMENTARY SCHOOL,PREK-5,,3,PRIVATE
-75.14223202,39.96301734,309,326517786,,,QUADRAT ACADEMY,QUADRAT ACADEMY,222 BROWN ST,19123,(267) 997-7744,,MIDDLE/HIGH,45455,,3,PRIVATE
-75.16489243,39.94839994,310,326513292,,,REVOLUTION SCHOOL,REVOLUTION SCHOOL,230 S BROAD ST,19102,(215) 631-3697,,HIGH SCHOOL,45547,,3,PRIVATE
-75.12976786,40.04134829,311,226517319,,,SOPHIA ACADEMY,SOPHIA ACADEMY,5900 N 5TH ST,19120,(267) 595-4723,,HIGH SCHOOL,45547,,3,PRIVATE
-75.12889006,40.04049863,312,126515001,7232,7350,LOWELL JAMES R. SCHOOL,JAMES R. LOWELL SCHOOL,450 W NEDRO AVE,19120,(215) 400-3740,,ELEMENTARY SCHOOL,K-4,485,1,DISTRICT
-75.1458741,39.97257844,313,126515001,3694,5340,LUDLOW JAMES R. SCHOOL,JAMES R. LUDLOW SCHOOL,550 W MASTER ST,19122,(215) 400-7430,,ELEMENTARY/MIDDLE,K-8,205,1,DISTRICT
-75.08749116,40.01467031,314,126515001,3797,7360,MARSHALL JOHN SCHOOL,JOHN MARSHALL SCHOOL,4500 GRISCOM ST,19124,(215) 400-3950,,ELEMENTARY SCHOOL,K-5,238,1,DISTRICT
-75.13456246,40.03018016,315,126515001,7521,5500,MARSHALL THURGOOD SCHOOL,THURGOOD MARSHALL SCHOOL,5120 N 6TH ST,19120,(215) 400-3770,,ELEMENTARY/MIDDLE,K-8,604,1,DISTRICT
-75.2036037,39.97525476,316,126515001,7903,1030,HIGH SCHOOL OF THE FUTURE,HIGH SCHOOL OF THE FUTURE,4021 PARKSIDE AVE,19104,(215) 400-7790,,HIGH SCHOOL,45547,560,1,DISTRICT
-75.17517438,40.0712143,317,126515001,7229,6460,HILL-FREEDMAN WORLD ACADEMY,HILL-FREEDMAN WORLD ACADEMY,1100 E MT PLEASANT AVE,19150,(215) 400-3530,,MIDDLE/HIGH,45455,585,1,DISTRICT
-75.00910805,40.05498877,318,126515001,3766,8270,HOLME THOMAS SCHOOL,THOMAS HOLME SCHOOL,9125 ACADEMY RD,19114,(215) 400-3130,,ELEMENTARY/MIDDLE,K-8,738,1,DISTRICT
-75.10225689,40.00841312,319,126515001,3742,7300,HOPKINSON FRANCIS SCHOOL,FRANCIS HOPKINSON SCHOOL,4001 L ST,19124,(215) 400-3970,,ELEMENTARY/MIDDLE,K-8,607,1,DISTRICT
-75.19482,40.05912527,320,126515001,3713,6260,HOUSTON HENRY H. SCHOOL,HENRY H. HOUSTON SCHOOL,7300 RURAL LN,19119,(215) 400-3490,,ELEMENTARY/MIDDLE,K-8,419,1,DISTRICT
-75.14220937,40.04131857,321,126515001,3743,7320,HOWE JULIA WARD SCHOOL,JULIA W. HOWE SCHOOL,5800 N 13TH ST,19141,(215) 400-3650,,ELEMENTARY SCHOOL,K-5,210,1,DISTRICT
-75.13212789,39.98740838,322,126515001,3693,5330,HUNTER WILLIAM H. SCHOOL,WILLIAM H. HUNTER SCHOOL,2400 N FRONT ST,19133,(215) 400-7110,,ELEMENTARY/MIDDLE,K-8,383,1,DISTRICT
-75.163481,39.934623,323,126515001,3642,2510,"COPPIN FANNY JACKSON SCHOOL
",FANNY JACKSON COPPIN SCHOOL,1213 S 12TH ST,19147,(215) 400-7970,,ELEMENTARY/MIDDLE,K-8,517,1,DISTRICT
-75.20336829,40.074798,324,126515001,3714,6270,JENKS ACADEMY ARTS & SCIENCES,JENKS ACADEMY FOR ARTS AND SCIENCES,8301 GERMANTOWN AVE,19118,(215) 400-3360,,ELEMENTARY/MIDDLE,K-8,385,1,DISTRICT
-75.1684424,39.91889618,325,126515001,7227,2520,JENKS ABRAM SCHOOL,ABRAM S. JENKS SCHOOL,2501 S 13TH ST,19148,(215) 400-8240,,ELEMENTARY SCHOOL,K-5,255,1,DISTRICT
-75.11119122,40.0123817,326,126515001,7963,7150,JUNIATA PARK ACADEMY,JUNIATA PARK ACADEMY,801 E HUNTING PARK AVE,19124,(215) 400-7010,,ELEMENTARY/MIDDLE,K-8,866,1,DISTRICT
-75.14812935,39.96385753,327,126515001,3645,5480,KEARNY GEN. PHILIP SCHOOL,GENERAL PHILIP KEARNY SCHOOL,601 FAIRMOUNT AVE,19123,(215) 400-7590,,ELEMENTARY/MIDDLE,K-8,168,1,DISTRICT
-75.18032689,39.98039173,328,126515001,3626,4560,KELLEY WILLIAM D. SCHOOL,WILLIAM D. KELLEY SCHOOL,1601 N 28TH ST,19121,(215) 400-7370,,ELEMENTARY/MIDDLE,K-8,222,1,DISTRICT
-75.03602123,40.03454824,329,126515001,3764,8250,FORREST EDWIN SCHOOL,EDWIN FORREST SCHOOL,7300 COTTAGE ST,19136,(215) 400-3330,,ELEMENTARY SCHOOL,K-5,788,1,DISTRICT
-75.08079432,40.0748566,330,126515001,3765,8260,FOX CHASE SCHOOL,FOX CHASE SCHOOL,500 RHAWN ST,19111,(215) 400-3170,,ELEMENTARY SCHOOL,K-5,472,1,DISTRICT
-75.14073629,39.99717792,331,126515001,5121,5390,POTTER-THOMAS SCHOOL,POTTER-THOMAS SCHOOL,3001 N 6TH ST,19133,(215) 400-7120,,ELEMENTARY/MIDDLE,K-8,362,1,DISTRICT
-75.05188858,40.01702452,332,,,3404,TACONY ACADEMY CHARTER SCHOOL,TACONY ACADEMY CHARTER SCHOOL (HIGH SCHOOL),6201 KEYSTONE ST,19135,(215) 515-5900,O,HIGH SCHOOL,45547,,2,CHARTER
-75.14767962,40.05174748,333,126515001,3835,7130,WAGNER GEN. LOUIS MIDDLE SCH.,GENERAL LOUIS WAGNER SCHOOL,1701 CHELTEN AVE,19126,(215) 400-3560,,MIDDLE SCHOOL,45451,304,1,DISTRICT
-75.16762639,39.96490026,334,126515001,7225,2490,WARING LAURA W. SCHOOL,LAURA W. WARING SCHOOL,1801 GREEN ST,19130,(215) 400-7560,,ELEMENTARY/MIDDLE,K-8,213,1,DISTRICT
-75.02644388,40.1061889,335,126515001,6527,8030,WASHINGTON GEORGE HIGH SCHOOL,GEORGE WASHINGTON HIGH SCHOOL,10175 BUSTLETON AVE,19116,(215) 400-3100,,HIGH SCHOOL,45547,1905,1,DISTRICT
-75.117969,40.035479,336,126515001,7663,7370,WASHINGTON GROVER JR. MIDDLE,GROVER WASHINGTON JR. SCHOOL,201 E OLNEY AVE,19120,(215) 400-3820,,MIDDLE SCHOOL,45420,429,1,DISTRICT
-75.21126539,39.96621682,337,126515001,3615,1420,WASHINGTON MARTHA SCHOOL,MARTHA WASHINGTON SCHOOL,766 N 44TH ST,19104,(215) 400-7770,,ELEMENTARY/MIDDLE,K-8,222,1,DISTRICT
-75.10550185,39.99619304,338,126515001,5124,5590,WEBSTER JOHN H. SCHOOL,JOHN H. WEBSTER SCHOOL,3400 FRANKFORD AVE,19134,(215) 400-7170,,ELEMENTARY SCHOOL,K-5,471,1,DISTRICT
-75.13932195,39.98650051,339,126515001,3703,5420,WELSH JOHN SCHOOL,JOHN WELSH SCHOOL,2331 N 4TH ST,19133,(215) 400-7130,,ELEMENTARY/MIDDLE,K-8,256,1,DISTRICT
-75.219654,39.95811,340,126515001,3860,1020,WEST PHILADELPHIA HIGH SCHOOL,WEST PHILADELPHIA HIGH SCHOOL,4901 CHESTNUT ST,19139,(215) 400-7900,,HIGH SCHOOL,45547,601,1,DISTRICT
-75.00609521,40.11364784,341,126513150,7574,3328,MATH SCIENCE AND TECHNOLOGY,MATHEMATICS SCIENCE AND TECHNOLOGY COMMUNITY CHARTER SCHOOL (MAST),1800 BYBERRY RD,19116,(267) 348-1100,,ELEMENTARY/MIDDLE/HIGH,K-12,1497,2,CHARTER
-75.11288324,39.98616819,342,126519392,8257,3423,MEMPHIS ST. CHARTER @ JP JONES,MEMPHIS STREET ACADEMY CHARTER SCHOOL AT J.P. JONES,2950 MEMPHIS ST,19134,(215) 291-4709,,MIDDLE SCHOOL,45420,543,2,CHARTER
-75.15035486,40.01142442,343,126513000,7546,3312,MULTI-CULTURAL ACADEMY,MULTICULTURAL ACADEMY CHARTER SCHOOL,3821 N BROAD ST,19140,(215) 457-6666,,HIGH SCHOOL,45547,245,2,CHARTER
-75.024187,40.03507,344,126513420,7649,3334,NEW FOUNDATIONS CHARTER SCHOOL,NEW FOUNDATIONS CHARTER SCHOOL,8001 TORRESDALE AVE,19136,(215) 624-8100,,ELEMENTARY/MIDDLE,K-8,1510,2,CHARTER
-75.07107787,40.05587699,345,,,3850,NORTHEAST HIGH SCHOOL EOP,NORTHEAST HIGH SCHOOL EOP,1601 COTTMAN AVE,19111,(215) 400-3200,,HIGH SCHOOL,45547,198,1,DISTRICT
-75.09472678,40.02035999,346,126510019,7856,3386,NORTHWOOD CHARTER SCHOOL,NORTHWOOD ACADEMY CHARTER SCHOOL,4621 CASTOR AVE,19124,(215) 289-5606,,ELEMENTARY/MIDDLE,K-8,707,2,CHARTER
-75.14503368,39.95836206,347,,,8070,OIC CADI,OIC CADI,444 N 3RD ST,19123,(215) 567-2410,,HIGH SCHOOL,45547,153,1,CONTRACTED
-75.2312923,39.98560771,348,126519433,8152,3408,MASTERY CHARTER @ MANN,MASTERY CHARTER SCHOOL AT MANN,5376 W BERKS ST,19131,(215) 581-5616,,ELEMENTARY SCHOOL,K-6,559,2,CHARTER
-75.161424,40.048208,349,126518795,3721,3426,MASTERY CHARTER @ PASTORIUS,MASTERY CHARTER SCHOOL AT PASTORIUS,5650 SPRAGUE ST,19138,(215) 951-5689,,ELEMENTARY/MIDDLE,K-8,646,2,CHARTER
-75.18070873,40.03213625,350,151514721,7961,3393,MASTERY CHARTER @ PICKETT,MASTERY CHARTER SCHOOL AT PICKETT,5700 WAYNE AVE,19144,(215) 866-9000,,MIDDLE/HIGH,45455,901,2,CHARTER
-75.19469503,39.95791533,351,126515001,3783,1390,POWEL SAMUEL SCHOOL,SAMUEL POWEL SCHOOL,3610 WARREN ST,19104,(215) 400-7740,,ELEMENTARY SCHOOL,K-4,311,1,DISTRICT
-75.14956052,40.04770742,352,126515001,6765,7490,PRINCE HALL SCHOOL,PRINCE HALL SCHOOL,6101 N GRATZ ST,19141,(215) 400-3690,,ELEMENTARY SCHOOL,K-5,340,1,DISTRICT
-75.17930489,40.00885449,353,126515001,7813,6090,RANDOLPH TECHNICAL HIGH SCHOOL,A. PHILIP RANDOLPH CAREER AND TECHNICAL HIGH SCHOOL,3101 HENRY AVE,19129,(215) 400-3840,,HIGH SCHOOL,45547,436,1,DISTRICT
-75.05809164,40.05870108,354,126515001,3771,8360,RHAWNHURST SCHOOL,RHAWNHURST SCHOOL,7809 CASTOR AVE,19152,(215) 400-3220,,ELEMENTARY SCHOOL,K-5,628,1,DISTRICT
-75.11208276,39.99244702,355,126515001,3842,5060,MASTBAUM JULES E. HIGH SCHOOL,JULES E. MASTBAUM AREA VOCATIONAL TECHNICAL HIGH SCHOOL,3116 FRANKFORD AVE,19134,(215) 400-7220,,HIGH SCHOOL,45547,591,1,DISTRICT
-75.16573278,39.9634509,356,126515001,3808,2140,MASTERMANJULIA R. HIGH SCHOOL,JULIA R. MASTERMAN SCHOOL,1699 SPRING GARDEN ST,19130,(215) 400-7580,,MIDDLE/HIGH,45424,1201,1,DISTRICT
-75.05192038,40.03934188,357,126515001,3769,8300,MAYFAIR SCHOOL,MAYFAIR SCHOOL,3001 PRINCETON AVE,19149,(215) 400-3280,,ELEMENTARY/MIDDLE,K-8,1691,1,DISTRICT
-75.15236653,39.94459813,358,126515001,3648,2340,MC CALL GEN. GEORGE A. SCHOOL,GENERAL GEORGE A. MCCALL SCHOOL,325 S 7TH ST,19106,(215) 400-7840,,ELEMENTARY/MIDDLE,K-8,619,1,DISTRICT
-75.137574,40.015178,359,126515001,6534,7380,MC CLURE ALEXANDER K. SCHOOL,ALEXANDER K. MCCLURE SCHOOL,600 W HUNTING PARK AVE,19140,(215) 400-3870,,ELEMENTARY SCHOOL,K-5,419,1,DISTRICT
-75.19476525,39.96654963,360,126515001,3611,1360,MC MICHAEL MORTON SCHOOL,MORTON MCMICHAEL SCHOOL,3543 FAIRMOUNT AVE,19104,(215) 400-7750,,ELEMENTARY/MIDDLE,K-8,272,1,DISTRICT
-75.17470002,40.08141172,361,126515001,3719,6310,MCCLOSKEY JOHN F. SCHOOL,JOHN F. MCCLOSKEY SCHOOL,8500 PICKERING ST,19150,(215) 400-3380,,ELEMENTARY/MIDDLE,K-8,249,1,DISTRICT
-75.21057963,39.96949214,362,,,3040,EXCEL MIDDLE YEARS ACADEMY,EXCEL MIDDLE YEARS ACADEMY,4300 WESTMINSTER AVE,19104,(215) 436-0307,,MIDDLE SCHOOL,45451,34,1,CONTRACTED
-75.08240619,40.00719991,363,100510000,7744,3364,FIRST PHILADELPHIA CHARTER,FIRST PHILADELPHIA PREPARATORY CHARTER SCHOOL,4300 TACONY ST,19124,(215) 743-3100,,ELEMENTARY/MIDDLE/HIGH,K-12,1857,2,CHARTER
-75.15612256,39.95898369,364,126510021,7857,3384,FOLK ARTS CULTURAL TREASURES,FOLK ARTS-CULTURAL TREASURES CHARTER SCHOOL,1023 CALLOWHILL ST,19123,(215) 569-2600,,ELEMENTARY/MIDDLE,K-8,489,2,CHARTER
-75.159302,39.9629033,365,126515001,,3210,FRANKLIN HIGH SCHOOL EOP,BEN FRANKLIN HIGH SCHOOL EOP,540 N 13TH ST,19123,(215) 400-7600,,HIGH SCHOOL,45547,152,1,DISTRICT
-75.23581355,39.94881722,366,126516457,8153,3407,MASTERY CHARTER @ HARRITY,MASTERY CHARTER SCHOOL AT HARRITY,5601 CHRISTIAN ST,19143,(215) 471-2908,,ELEMENTARY/MIDDLE,K-8,782,2,CHARTER
-75.14523244,40.00141719,367,126513110,7565,3310,LAB SCH OF COMMUNICAT'N & LANG,LABORATORY CHARTER SCHOOL OF COMMUNICATION AND LANGUAGES,926 W SEDGLEY AVE,19140,(215) 574-1680,,ELEMENTARY SCHOOL,K-5,383,2,CHARTER
-75.11893005,39.98166881,368,,,3240,LIGUORI ACADEMY-FORTIS,LIGUORI ACADEMY-FORTIS,2343 E TUCKER ST ,19125,(267) 571-1952,,HIGH SCHOOL,45547,99,1,CONTRACTED
-75.13844368,40.02941184,369,126519476,8206,3419,LINDLEY ACADEMY CHARTER @ BIRNEY,LINDLEY ACADEMY CHARTER @ BIRNEY,900 LINDLEY AVE,19141,(215) 456-3000,,ELEMENTARY/MIDDLE,K-8,737,2,CHARTER
-75.09389875,40.00563063,370,126513480,7672,3332,MARIANA BRACETTI ACADEMY,MARIANA BRACETTI ACADEMY CHARTER SCHOOL,1840 TORRESDALE AVE,19124,(215) 291-4436,,ELEMENTARY/MIDDLE/HIGH,K-12,1509,2,CHARTER
-75.13596119,39.99449606,371,173515368,7985,3394,PAN AMERICAN ACADEMY CHARTER,PAN AMERICAN ACADEMY CHARTER SCHOOL,2830 N AMERICAN ST,19133,(215) 425-1212,,ELEMENTARY/MIDDLE,K-8,766,2,CHARTER
-75.02026848,40.03093229,372,,,8540,PENNYPACK HOUSE SCHOOL,PENNYPACK HOUSE SCHOOL,7901 STATE RD,19136,(215) 685-7752,,HIGH SCHOOL,45547,91,1,DISTRICT
-75.05762325,40.09573337,373,126515001,4726,8430,GREENBERG JOSEPH SCHOOL,JOSEPH GREENBERG SCHOOL,600 SHARON LN,19115,(215) 400-3080,,ELEMENTARY/MIDDLE,K-8,862,1,DISTRICT
-75.17739206,39.95227234,374,126515001,5186,2470,GREENFIELD ALBERT M. SCHOOL,ALBERT M. GREENFIELD SCHOOL,2200 CHESTNUT ST,19103,(215) 400-7810,,ELEMENTARY/MIDDLE,K-8,730,1,DISTRICT
-75.12680527,39.98114005,375,126515001,5120,5300,HACKETT HORATIO B. SCHOOL,HORATIO B. HACKETT SCHOOL,2161 E YORK ST,19125,(215) 400-7470,,ELEMENTARY SCHOOL,K-5,393,1,DISTRICT
-75.235543,39.955438,376,126515001,5185,1290,HAMILTON ANDREW SCHOOL,ANDREW HAMILTON SCHOOL,5640 SPRUCE ST,19139,(215) 400-7650,,ELEMENTARY/MIDDLE,K-8,354,1,DISTRICT
-74.98919289,40.0673723,377,126515001,5041,8770,HANCOCK DEMONSTRATION SCHOOL,JOHN HANCOCK DEMONSTRATION SCHOOL,3700 MORRELL AVE,19114,(215) 400-3120,,ELEMENTARY/MIDDLE,K-5,763,1,DISTRICT
-75.07456081,40.01291694,378,126515001,7242,7110,HARDING WARREN G. MIDDLE SCHOOL,WARREN G. HARDING SCHOOL,2000 WAKELING ST,19124,(215) 400-3990,,MIDDLE SCHOOL,45451,603,1,DISTRICT
-75.23059508,39.94736517,379,126515001,6528,1300,HARRINGTON AVERY D. SCHOOL,AVERY D. HARRINGTON SCHOOL,5300 BALTIMORE AVE,19143,(215) 400-7920,,ELEMENTARY/MIDDLE,K-8,290,1,DISTRICT
-75.14497783,39.98924564,380,126515001,5125,5320,HARTRANFT JOHN F. SCHOOL,JOHN F. HARTRANFT SCHOOL,720 W CUMBERLAND ST,19133,(215) 400-7090,,ELEMENTARY/MIDDLE,K-8,295,1,DISTRICT
-75.19658776,40.04625771,381,126515001,3712,6250,HENRY CHARLES W. SCHOOL,CHARLES W. HENRY SCHOOL,601 CARPENTER LN,19119,(215) 400-3480,,ELEMENTARY/MIDDLE,K-8,496,1,DISTRICT
-75.229727,39.977852,382,126515001,5187,4300,HESTON EDWARD SCHOOL,EDWARD HESTON SCHOOL,1621 N 54TH ST,19131,(215) 400-7290,,ELEMENTARY/MIDDLE,K-8,287,1,DISTRICT
-75.26649721,39.9755813,383,126515001,7810,4320,LAMBERTONROBERT E ELEMENTARY,ROBERT E. LAMBERTON SCHOOL,7501 WOODBINE AVE,19151,(215) 400-7530,,ELEMENTARY/MIDDLE,K-8,315,1,DISTRICT
-75.25274654,40.06230794,384,126515001,7811,6540,LANKENAU HIGH SCHOOL,LANKENAU HIGH SCHOOL,201 SPRING LN,19128,(215) 400-3420,,HIGH SCHOOL,45547,261,1,DISTRICT
-75.058976,40.020648,385,126515001,3744,7330,LAWTON HENRY W. SCHOOL,HENRY W. LAWTON SCHOOL,6101 JACKSON ST,19135,(215) 400-3340,,ELEMENTARY SCHOOL,K-5,530,1,DISTRICT
-75.216347,39.954515,386,126515001,6530,1340,LEA HENRY C.,HENRY C. LEA SCHOOL,4700 LOCUST ST,19139,(215) 400-7660,,ELEMENTARY/MIDDLE,K-8,461,1,DISTRICT
-75.04252591,40.044089,387,126515001,3845,8010,LINCOLN ABRAHAM HIGH SCHOOL,ABRAHAM LINCOLN HIGH SCHOOL,3201 RYAN AVE,19136,(215) 400-3300,,HIGH SCHOOL,45547,2175,1,DISTRICT
-75.18970461,40.03730147,388,126515001,3717,6440,LINGELBACH ANNA L. SCHOOL,ANNA L. LINGELBACH SCHOOL,6340 WAYNE AVE,19144,(215) 400-3630,,ELEMENTARY/MIDDLE,K-8,332,1,DISTRICT
-75.21243583,39.9621848,389,126515001,4732,1470,LOCKE ALAIN SCHOOL,ALAIN LOCKE SCHOOL,4550 HAVERFORD AVE,19139,(215) 400-7670,,ELEMENTARY/MIDDLE,K-8,261,1,DISTRICT
-75.0236379,40.11400884,390,126515001,4961,8440,LOESCHE WILLIAM H. SCHOOL,WILLIAM H. LOESCHE SCHOOL,595 TOMLINSON RD,19116,(215) 400-3020,,ELEMENTARY SCHOOL,K-5,1135,1,DISTRICT
-75.07080262,40.05584778,391,126515001,3855,8020,NORTHEAST HIGH SCHOOL,NORTHEAST HIGH SCHOOL,1601 COTTMAN AVE,19111,(215) 400-3200,,HIGH SCHOOL,45547,3271,1,DISTRICT
-75.12087263,40.03110126,392,126515001,3750,7400,OLNEY ELEMENTARY SCHOOL,OLNEY SCHOOL,5301 N WATER ST,19120,(215) 400-3790,,ELEMENTARY/MIDDLE,K-8,694,1,DISTRICT
-75.25448277,39.97412957,393,126515001,6960,4480,OVERBROOK EDUCATIONAL CENTER,OVERBROOK EDUCATIONAL CENTER,6722 LANSDOWNE AVE,19151,(215) 400-7540,,ELEMENTARY/MIDDLE,K-8,260,1,DISTRICT
-75.220063,39.967339,394,126515001,3614,1410,RHOADS JAMES SCHOOL,JAMES RHOADS SCHOOL,4901 PARRISH ST,19139,(215) 400-7680,,ELEMENTARY/MIDDLE,K-8,412,1,DISTRICT
-75.17812979,40.00275594,395,126515001,6522,4350,RHODES ELEMENTARY SCHOOL,E. WASHINGTON RHODES SCHOOL,2900 W CLEARFIELD ST,19132,(215) 400-7060,,ELEMENTARY/MIDDLE,K-8,392,1,DISTRICT
-75.110491,39.983496,396,126515001,3701,5400,RICHMOND SCHOOL,RICHMOND SCHOOL,2944 BELGRADE ST,19134,(215) 400-7150,,ELEMENTARY SCHOOL,K-5,338,1,DISTRICT
-75.20553688,39.95697192,397,126515001,7780,1050,ROBESON PAUL HIGH SCHOOL,PAUL ROBESON HIGH SCHOOL FOR HUMAN SERVICES,4125 LUDLOW ST,19104,(215) 400-7780,,HIGH SCHOOL,45547,291,1,DISTRICT
-75.17505705,40.04823823,398,126515001,3824,6360,ROOSEVELT ELEMENTARY SCHOOL,THEODORE ROOSEVELT SCHOOL,430 E WASHINGTON LN,19144,(215) 400-3640,,ELEMENTARY/MIDDLE,K-8,440,1,DISTRICT
-75.14856607,40.05874982,399,126515001,3724,7530,ROWEN WILLIAM SCHOOL,WILLIAM ROWEN SCHOOL,6841 N 19TH ST,19126,(215) 400-3550,,ELEMENTARY SCHOOL,K-5,314,1,DISTRICT
-75.22282105,40.03762065,400,126515001,3844,6030,ROXBOROUGH HIGH SCHOOL,ROXBOROUGH HIGH SCHOOL,6498 RIDGE AVE,19128,(215) 400-3400,,HIGH SCHOOL,45547,633,1,DISTRICT
-75.22151698,40.04937257,401,126515001,3861,6040,SAUL WALTER B. HIGH SCHOOL,WALTER B. SAUL HIGH SCHOOL,7100 HENRY AVE,19128,(215) 400-3450,,HIGH SCHOOL,45547,414,1,DISTRICT
-75.23859405,39.95759354,402,126515001,7245,1100,SAYRE WILLIAM L. HIGH SCHOOL,WILLIAM L. SAYRE HIGH SCHOOL,5800 WALNUT ST,19139,(215) 400-7800,,HIGH SCHOOL,45547,426,1,DISTRICT
-75.24233458,39.98621058,403,126515001,,2680,SCIENCE LEADERSHIP ACADEMY AT BEEBER,THE SCIENCE LEADERSHIP ACADEMY AT BEEBER,5925 MALVERN AVE,19131,(215) 400-7270,,MIDDLE/HIGH,45424,558,1,DISTRICT
-75.16197324,39.96357543,404,126515001,7906,2650,SCIENCE LEADERSHIP ACADEMY,SCIENCE LEADERSHIP ACADEMY,550 N BROAD ST,19130,(215) 400-7830,,HIGH SCHOOL,45547,500,1,DISTRICT
-75.19463961,39.95774168,405,126515001,,2050,SCIENCE LEADERSHIP ACADEMY MIDDLE SCHOOL,SCIENCE LEADERSHIP ACADEMY MIDDLE SCHOOL,3610 WARREN ST,19104,(215) 400-8320,,MIDDLE SCHOOL,45420,355,1,DISTRICT
-75.15084103,39.91886775,406,126515001,3653,2630,SHARSWOOD GEORGE SCHOOL,GEORGE W. SHARSWOOD SCHOOL,2300 S 2ND ST,19148,(215) 400-8270,,ELEMENTARY/MIDDLE,K-8,327,1,DISTRICT
-75.238543,40.051478,407,126515001,3725,6380,SHAWMONT SCHOOL,SHAWMONT SCHOOL,535 SHAWMONT AVE,19128,(215) 400-3440,,ELEMENTARY/MIDDLE,K-8,401,1,DISTRICT
-75.13163,39.993651,408,126515001,3702,5410,SHEPPARD ISAAC A. SCHOOL,ISAAC A. SHEPPARD SCHOOL,120 W CAMBRIA ST,19133,(215) 400-7070,,ELEMENTARY SCHOOL,K-4,133,1,DISTRICT
-75.11422476,39.99958193,409,126515001,3800,5530,GLORIA CASAREZ ELEMENTARY SCHOOL,GLORIA CASAREZ ELEMENTARY SCHOOL,800 E ONTARIO ST,19134,(215) 400-7160,,ELEMENTARY SCHOOL,K-5,463,1,DISTRICT
-75.06462169,40.04487336,410,126515001,3773,8340,SOLIS-COHEN SOLOMON SCHOOL,SOLOMON SOLIS-COHEN SCHOOL,7001 HORROCKS ST,19149,(215) 400-3250,,ELEMENTARY SCHOOL,K-5,1279,1,DISTRICT
-75.16843299,39.92383129,411,126515001,3859,2000,SOUTH PHILADELPHIA HIGH SCHOOL,SOUTH PHILADELPHIA HIGH SCHOOL,2101 S BROAD ST,19148,(215) 400-8400,,HIGH SCHOOL,45547,635,1,DISTRICT
-75.16024206,39.92589472,412,126515001,3654,2640,SOUTHWARK SCHOOL,SOUTHWARK SCHOOL,1835 S 9TH ST,19148,(215) 400-8280,,ELEMENTARY/MIDDLE,K-8,935,1,DISTRICT
-75.15614042,39.96516155,413,126515001,3655,5560,SPRING GARDEN SCHOOL,SPRING GARDEN SCHOOL,1146 MELON ST,19123,(215) 400-7610,,ELEMENTARY/MIDDLE,K-8,254,1,DISTRICT
-75.07280071,40.03744124,414,126515001,7234,8350,SPRUANCE GILBERT SCHOOL,GILBERT SPRUANCE SCHOOL,6401 HORROCKS ST,19149,(215) 400-3290,,ELEMENTARY/MIDDLE,K-8,1242,1,DISTRICT
-75.17085019,39.94043707,415,126515001,3635,2450,STANTON EDWIN M. SCHOOL,EDWIN M. STANTON SCHOOL,901 S 17TH ST,19146,(215) 400-7960,,ELEMENTARY/MIDDLE,K-8,279,1,DISTRICT
-75.085112,40.011752,416,126515001,4963,7290,STEARNE ALLEN M. SCHOOL,ALLEN M. STEARNE SCHOOL,1655 UNITY ST,19124,(215) 400-3980,,ELEMENTARY/MIDDLE,K-8,386,1,DISTRICT
-75.15689064,40.01879502,417,126515001,3727,6390,STEEL EDWARD SCHOOL,EDWARD T. STEEL SCHOOL,4301 WAYNE AVE,19140,(215) 400-3910,,ELEMENTARY/MIDDLE,K-8,324,1,DISTRICT
-75.18402464,39.99074371,418,126515001,7255,4140,STRAWBERRY MANSION HIGH SCHOOL,STRAWBERRY MANSION HIGH SCHOOL,3133 RIDGE AVE,19121,(215) 400-7500,,HIGH SCHOOL,45547,249,1,DISTRICT
-75.06690736,40.015962,419,126515001,3753,7430,SULLIVAN JAMES J. SCHOOL,JAMES J. SULLIVAN SCHOOL,5300 DITMAN ST,19124,(215) 400-3960,,ELEMENTARY SCHOOL,K-5,385,1,DISTRICT
-75.01398863,40.0921093,420,126515001,7072,8090,SWENSON ARTS/TECH HIGH SCHOOL,SWENSON ARTS AND TECHNOLOGY HIGH SCHOOL,2750 RED LION RD,19114,(215) 400-3140,,HIGH SCHOOL,45547,845,1,DISTRICT
-75.18406669,39.99016263,421,126515001,,,ONE BRIGHT RAY MANSION,ONE BRIGHT RAY MANSION,3133 RIDGE AVE,19121,(215) 999-3110,O,HIGH SCHOOL,45547,105,1,CONTRACTED
-75.18398391,39.9901589,422,126515001,,,ONE BRIGHT RAY MANSION EVENING,ONE BRIGHT RAY MANSION EVENING,3133 RIDGE AVE,19121,(215) 999-3110,O,HIGH SCHOOL,45547,79,1,CONTRACTED
-75.10176335,39.99807211,423,126516724,,,DEEP ROOTS CHARTER SCHOOL,DEEP ROOTS CHARTER SCHOOL,3556 FRANKFORD AVE,19134,(267) 399-3727,O,ELEMENTARY SCHOOL,K-5,302,2,CHARTER
-75.15611924,40.01348958,424,126517643,,,MASTERY PREP ELEMENTARY CHARTER SCHOOL,MASTERY PREP ELEMENTARY CHARTER SCHOOL,1801 W PIKE ST,19140,(215) 866-0067,O,ELEMENTARY SCHOOL,K-3,592,2,CHARTER
-74.99170223,40.10944751,425,126511624,3445,,MAST III CHARTER SCHOOL,MAST III CHARTER SCHOOL,1 CROWN WAY,19154,(267) 574-9855,,ELEMENTARY SCHOOL,K-8,1308,2,CHARTER
-75.18331013,40.01203503,426,126510929,3446,,PHILADELPHIA HEBREW PUBLIC CHARTER SCHOOL,PHILADELPHIA HEBREW PUBLIC CHARTER SCHOOL,3300 HENRY AVE,19129,(267) 225-1511,,ELEMENTARY SCHOOL,K-1,491,2,CHARTER
-75.17023812,39.92025734,427,,,,PHILADELPHIA PERFORMING ARTS CHARTER: STRING THEORY (E. CAMPUS),PHILADELPHIA PERFORMING ARTS CHARTER: STRING THEORY (E. CAMPUS),2407 S BROAD ST,19148,(215) 278-2460,,ELEMENTARY SCHOOL,K-1,,2,CHARTER
-75.07484414,40.0881428,428,300513605,,,FOX CHASE FARMS,FOX CHASE FARMS,8500 PINE RD,19111,(215) 400-3310,,UNGRADED,UNGRADED,,1,DISTRICT
-75.11888782,39.98172681,429,326510730,,,LIGUORI ACADEMY,LIGUORI ACADMY,2343 E TUCKER ST,19125,(267) 571-1952,,HIGH SCHOOL,45547,,3,PRIVATE
-75.15836038,40.06743511,430,226512587,,,NEW MEDINA LEARNING INSTITUTE,NEW MEDINA LEARNING INSTITUTE,7401 LIMEKILN PIKE 2ND FLOOR,19138,(215) 298-9994,,ELEMENTARY/MIDDLE/HIGH,K-12,,3,PRIVATE
-75.123808,40.028772,431,126513452,8205,3414,OLNEY HIGH SCHOOL,OLNEY HIGH SCHOOL,100 W DUNCANNON AVE,19120,(215) 400-9140,,HIGH SCHOOL,45547,1215,1,DISTRICT
-75.20482878,39.96700372,432,126510010,7750,3368,BELMONT ELEMENTARY CHARTER,BELMONT CHARTER SCHOOL,4030 BROWN ST,19104,(215) 823-8208,,ELEMENTARY/MIDDLE/HIGH,K-12,933,2,CHARTER
-75.23337099,39.95175721,433,185515523,7981,3388,BOYS LATIN OF PHILADELPHIA CHARTER,BOYS LATIN OF PHILADELPHIA CHARTER SCHOOL,5501 CEDAR AVE,19143,(215) 387-5149,,HIGH SCHOOL,45547,771,2,CHARTER
-75.177658,39.978134,434,,,2310,ACHIEVE ACADEMY,"ACHIEVE ACADEMY
",1435 N 26TH ST,19121,(215) 684-5080,,MIDDLE/HIGH,45455,50,1,CONTRACTED
-75.12660815,40.01523985,435,,8120,3820,ACHIEVE ACADEMY EAST,ACHIEVE ACADEMY EAST,4224 N FRONT ST,19140,(267) 335-4764,,MIDDLE/HIGH,45455,55,1,CONTRACTED
-75.15855293,39.93857995,436,126513160,7575,3306,CHRISTOPHER COLUMBUS CHARTER,CHRISTOPHER COLUMBUS CHARTER SCHOOL,916 CHRISTIAN ST,19147,(215) 925-7400,,ELEMENTARY SCHOOL,K-4,847,2,CHARTER
-75.10669061,40.00466285,437,126512840,7510,3301,COMMUNITY ACADEMY OF PHILADELPHIA,COMMUNITY ACADEMY OF PHILADELPHIA CHARTER SCHOOL,1100 E ERIE AVE,19124,(215) 533-6700,,ELEMENTARY/MIDDLE/HIGH,K-12,1246,2,CHARTER
-75.1261834,40.01522628,438,,,3190,CROSSROADS @ HUNTING PARK,CROSSROADS AT HUNTING PARK,4224 N FRONT ST,19140,(215) 400-9060,,ELEMENTARY SCHOOL,45357,32,1,DISTRICT
-75.21052314,39.96940405,439,,,8690,CROSSROADS ACCELERATED ACADEMY,CROSSROADS ACCELERATED ACADEMY,4300 WESTMINSTER AVE,19104,(215) 400-9070,,MIDDLE/HIGH,45483,58,1,DISTRICT
-75.121929,40.04667083,440,126513100,7564,3307,DE HOSTOS CHARTER SCHOOL,EUGENIO MARIA DE HOSTOS CHARTER SCHOOL,6301 N 2ND ST,19120,(215) 455-2300,,ELEMENTARY/MIDDLE,K-8,486,2,CHARTER
-75.21405456,39.97734798,441,126510011,7775,3372,DISCOVERY CHARTER SCHOOL,DISCOVERY CHARTER SCHOOL,4700 PARKSIDE AVE,19131,(215) 879-8182,,ELEMENTARY/MIDDLE,K-8,623,2,CHARTER
-75.16957465,39.98459437,442,126518547,8150,3412,DOUGLASS MASTERY CHARTER,MASTERY CHARTER SCHOOL AT DOUGLASS,2118 W NORRIS ST,19121,(215) 684-5063,,ELEMENTARY/MIDDLE,K-8,552,2,CHARTER
-75.17929273,39.97496628,443,,,3510,EL CENTRO DE ESTUDIANTES,EL CENTRO DE ESTUDIANTES (BIG PICTURE),1241 N TANEY ST,19121,(267) 687-1172,,HIGH SCHOOL,45547,100,1,CONTRACTED
-75.13265047,40.0149395,444,126513440,7665,3333,ESPERANZA ACADEMY CHARTER,ESPERANZA ACADEMY CHARTER SCHOOL,301 W HUNTING PARK AVE,19140,(215) 457-3667,,HIGH SCHOOL,45547,1646,2,CHARTER
-75.177658,39.978134,445,,,8080,EXCEL ACADEMY NORTH,EXCEL ACADEMY NORTH,1435 N 26TH ST,19121,(215) 684-5080,,HIGH SCHOOL,45547,208,1,CONTRACTED
-75.06563547,40.00737403,446,126510014,7777,3366,MARITIME ACADEMY CHARTER,MARITIME ACADEMY CHARTER SCHOOL (MACS),2275 BRIDGE ST,19137,(215) 535-4555,,ELEMENTARY/MIDDLE/HIGH,K-8,836,2,CHARTER
-75.04514535,40.01789965,447,126513117,,3440,MAST COMMUNITY CHARTER II,MAST COMMUNITY CHARTER SCHOOL II,6501 NEW STATE RD,19135,(267) 526-0005,,ELEMENTARY/MIDDLE/HIGH,45363,1902,2,CHARTER
-75.15872147,40.01093223,448,126519644,8259,3420,MASTERY CHARTER @ CLEVELAND,MASTERY CHARTER SCHOOL AT CLEVELAND,3701 N 19TH ST,19140,(215) 227-5042,,ELEMENTARY/MIDDLE,K-8,752,2,CHARTER
-75.15064317,39.99579459,449,126511748,8208,3415,MASTERY CHARTER @ CLYMER,MASTERY CHARTER SCHOOL AT CLYMER,1201 W RUSH ST,19133,(215) 223-2243,,ELEMENTARY SCHOOL,K-6,453,2,CHARTER
-75.15609323,40.01421031,450,126513734,8207,3416,MASTERY CHARTER @ GRATZ HIGH,MASTERY CHARTER SCHOOL AT GRATZ,1798 W HUNTING PARK AVE,19140,(215) 227-4408,,MIDDLE/HIGH,45485,1041,2,CHARTER
-75.18665686,39.92845355,451,126512960,7540,3313,PREPARATORY CHARTER SCHOOL,PREPARATORY CHARTER SCHOOL OF MATHEMATICS SCIENCE TECHNOLOGY AND CAREERS,1928 POINT BREEZE AVE,19145,(215) 334-6144,,HIGH SCHOOL,45547,557,2,CHARTER
-75.21864801,39.92830125,452,126510008,7684,3359,RICHARD ALLEN PREPARATORY,RICHARD ALLEN PREPARATORY CHARTER SCHOOL,2601 S 58TH ST,19143,(215) 878-5144,,MIDDLE SCHOOL,45420,360,2,CHARTER
-75.17155064,39.95594922,453,126510001,7677,3360,RUSSELL BYERS CHARTER SCHOOL,RUSSELL BYERS CHARTER SCHOOL,1911 ARCH ST,19103,(215) 972-1700,,ELEMENTARY/MIDDLE,K-8,672,2,CHARTER
-75.128641,39.987082,454,114514135,8083,3399,SANKOFA FREEDOM ACADEMY,SANKOFA FREEDOM ACADEMY CHARTER SCHOOL,2501 KENSINGTON AVE,19125,(215) 288-2001,,ELEMENTARY/MIDDLE/HIGH,K-12,666,2,CHARTER
-75.16844712,39.92372945,455,126515001,,3880,SOUTH PHILADELPHIA HIGH SCHOOL EOP,SOUTH PHILADELPHIA HIGH SCHOOL EOP,2101 S BROAD ST,19148,(215) 400-8400,,HIGH SCHOOL,45547,105,1,DISTRICT
-75.2426,39.918099,456,108515107,7960,3392,SOUTHWEST LEADERSHIP ACADEMY,SOUTHWEST LEADERSHIP ACADEMY CHARTER SCHOOL,7101 PASCHALL AVE,19142,(215) 729-1939,,ELEMENTARY/MIDDLE,K-8,580,2,CHARTER
-75.06620623,40.06704186,457,192518422,8126,3404,TACONY ACADEMY CHARTER SCHOOL,TACONY ACADEMY CHARTER SCHOOL,1330 RHAWN ST,19111,(215) 742-5100,,ELEMENTARY/MIDDLE/HIGH,K-8,1082,2,CHARTER
-75.155669,39.986869,458,126511530,,3441,TECH FREIRE CHARTER SCHOOL,TECH FREIRE CHARTER SCHOOL,2221 N BROAD ST,19132,(267) 507-1111,,HIGH SCHOOL,45547,494,2,CHARTER
-75.19767184,39.93517722,459,126512674,3617,3424,UNIVERSAL ALCORN CHARTER,UNIVERSAL CHARTER SCHOOL AT ALCORN,3200 DICKINSON ST,19146,(215) 952-6219,,ELEMENTARY/MIDDLE,K-8,412,2,CHARTER
-75.19859,39.933737,460,126519434,8195,3417,UNIVERSAL AUDENRIED CHARTER,UNIVERSAL CHARTER SCHOOL AT AUDENRIED,3301 TASKER ST,19145,(215) 952-4801,,HIGH SCHOOL,45547,576,2,CHARTER
-75.23602,39.973739,461,168513758,8145,3410,GUION S BLUFORD ELEMENTARY SCHOOL,GUION S BLUFORD ELEMENTARY SCHOOL,5720 MEDIA ST,19131,(215) 400-9170,,ELEMENTARY/MIDDLE,K-8,539,1,DISTRICT
-75.10517219,40.03437208,462,126517442,8251,3421,UNIVERSAL CREIGHTON CHARTER,UNIVERSAL CHARTER SCHOOL AT CREIGHTON,5401 TABOR AVE,19120,(215) 537-2531,,ELEMENTARY/MIDDLE,K-8,674,2,CHARTER
-75.16769048,39.94089973,463,126513210,7580,3326,UNIVERSAL INSTITUTE,UNIVERSAL INSTITUTE CHARTER SCHOOL,801 S 15TH ST,19146,(215) 732-2876,,ELEMENTARY/MIDDLE,K-8,565,2,CHARTER
-75.185707,39.925837,464,126513415,8196,3418,UNIVERSAL VARE CHARTER SCHOOL,UNIVERSAL CHARTER SCHOOL AT VARE,2100 S 24TH ST,19145,(215) 952-8611,,MIDDLE SCHOOL,45420,150,2,CHARTER
-75.16341341,40.059512,465,126513020,7548,3314,WEST OAK LANE CHARTER SCHOOL,WEST OAK LANE CHARTER SCHOOL,7115 STENTON AVE,19138,(215) 927-7995,,ELEMENTARY/MIDDLE,K-8,993,2,CHARTER
-75.254111,39.970667,466,126510006,7722,3357,WEST PHILADELPHIA ACHIEVEMENT,WEST PHILADELPHIA ACHIEVEMENT CHARTER SCHOOL,6701 CALLOWHILL ST,19151,(215) 476-6471,,ELEMENTARY SCHOOL,K-5,657,2,CHARTER
-75.17259473,40.01563289,467,126510007,7724,3362,WISSAHICKON CHARTER SCHOOL,WISSAHICKON CHARTER SCHOOL,4700 WISSAHICKON AVE,19144,(267) 338-1020,,ELEMENTARY/MIDDLE,K-8,948,2,CHARTER
-75.03998788,40.04355016,468,126515001,8493,8130,NORTHEAST COMMUNITY PROPEL ACADEMY,NORTHEAST COMMUNITY PROPEL ACADEMY,7500 ROWLAND AVE,19136,(215) 400-8350,,ELEMENTARY/MIDDLE,K-8,1763,1,DISTRICT
-75.17623244,39.92106035,469,,,,ST MONICA SCHOOL (JUNIOR SCHOOL),ST MONICA JUNIOR SCHOOL,1720 RITNER ST,19145,(215) 334-3777,,ELEMENTARY SCHOOL,K-4,,3,ARCHDIOCESE
-75.15966128,39.95013473,470,326514392,,,K012 KIDS SCHOOL,K012 KIDS SCHOOL,1112 CHESTNUT ST,19107,(215) 545-2930,,PRE-K/ELEMENTARY,PREK-2,,3,PRIVATE
-75.21474599,40.00004385,471,326512996,,,NEW OAKS ACADEMY,NEW OAKS ACADEMY,4200 MONUMENT ST,19131,(215) 902-8896,,UNGRADED,45424,,3,PRIVATE
-75.18592055,40.0017136,472,300515320,,,PRODIGY LEARNING CENTERS,PRODIGY LEARNING CENTERS,3345 W HUNTING PARK AVE,19132,(215) 228-7678,,PRE-K/ELEMENTARY,PREK-5,,3,PRIVATE
-75.13987797,40.04100511,473,226515695,,,SAINTS TABERNACLE DAY SCHOOL,SAINTS TABERNACLE DAY SCHOOL,5800 N MARVINE ST,19141,(215) 548-6011 ,,ELEMENTARY/MIDDLE,PREK-8,,3,PRIVATE
-75.0973949,40.04838181,474,,,,MATHEMATICS SCIENCE AND TECHNOLOGY COMMUNITY CHARTER SCHOOL II,MAST COMMUNITY CHARTER SCHOOL II (LAWNCREST CAMPUS),6238 RISING SUN AVE,19111,(215) 398-7960,,ELEMENTARY SCHOOL,K-2,,2,CHARTER
-75.17080498,39.91771695,475,326517070,,,CHILDREN'S HOUSE OF PHILADELPHIA,CHILDREN'S HOUSE OF PHILADELPHIA,2611 S BROAD ST,19148,(215) 570-0757,,PRE-K/KINDERGARTEN,PREK-K,,3,PRIVATE
-75.22494643,39.9476146,476,326517668,,,HYACINTH MONTESSORI,HYACINTH MONTESSORI,5050 BALTIMORE AVE,19143,(267) 209-0869,,ELEMENTARY SCHOOL,K-6,,3,PRIVATE
-75.1441711,39.97278323,477,326511965,,,LITTLE CITY MONTESSORI,LITTLE CITY MONTESSORI,1401 N 5TH ST,19122,(215) 764-0633,,PRE-K/KINDERGARTEN,PREK-K,,3,PRIVATE
-75.24476948,39.9681675,478,,,,,BOYS LATIN OF PHILADELPHIA CHARTER SCHOOL,344 N FELTON ST,19139,(215) 387-5149,,MIDDLE SCHOOL,45451,,2,CHARTER
-75.13418643,40.0157891,479,,,,,ESPERANZA ACADEMY CHARTER SCHOOL,4261 N 5TH ST,19140,(267) 270-4044,,MIDDLE SCHOOL,45451,,2,CHARTER
-75.13163527,39.99833307,480,,,,,ESPERANZA ACADEMY CHARTER SCHOOL,3150 N MASCHER ST,19140,(215) 999-0203,,ELEMENTARY SCHOOL,K 1 4 5,,2,CHARTER
-75.17153961,40.07263162,481,,,,,AD PRIMA CHARTER SCHOOL,8034 THOURON AVE,19150,(215) 488-7095,,ELEMENTARY/MIDDLE,K-8,,2,CHARTER
-75.21468442,39.95931823,482,,,,,KIPP OCTAVIUS CATTO CHARTER SCHOOL,4601 MARKET ST,19139,(267) 417-3070,,ELEMENTARY SCHOOL,K-2,301,2,CHARTER
-75.11684771,39.9764408,483,,,,MARITIME ACADEMY CHARTER SCHOOL (MACS),MARITIME ACADEMY CHARTER SCHOOL (MACS),2700 E HUNTINGDON ST,19125,(215) 427-3090,,HIGH SCHOOL,45547,,2,CHARTER
-75.16307158,39.91282557,484,,,,,MASTERY SCHOOL SCHOOL THOMAS CAMPUS,814 BIGLER ST,19148,(267) 296-7000,,ELEMENTARY SCHOOL,K-6,,2,CHARTER
-75.02454949,40.03350379,485,,,,,NEW FOUNDATIONS CHARTER SCHOOL,4850 RHAWN ST,19136,(215) 344-6410,,HIGH SCHOOL,45547,,2,CHARTER
-75.123808,40.028772,486,126513452,8205,3414,OLNEY HIGH SCHOOL,OLNEY HIGH SCHOOL CONTINUATION ACADEMY,100 W DUNCANNON AVE,19120,(215) 400-9140,,HIGH SCHOOL,45547,22,1,CONTRACTED
-75.10560096,40.00528,487,,,8890,ONE BRIGHT RAY-SIMPSON CAMPUS,ONE BRIGHT RAY - SIMPSON EVENING,1142 E ERIE AVE,19124,(215) 744-6000,,HIGH SCHOOL,45547,131,1,CONTRACTED
-75.12564444,39.99872989,488,133513315,8149,3406,JOHN B STETSON MIDDLE SCHOOL,JOHN B STETSON MIDDLE SCHOOL CONTINUATION ACADEMY,3200 B ST,19134,(215) 400-9150,,,45420,19,1,CONTRACTED
-75.17321661,40.05204983,489,,,,,WISSAHICKON CHARTER SCHOOL,815 E WASHINGTON LN,19138,(267) 774-4370,,ELEMENTARY/MIDDLE,K-8,,2,CHARTER
-75.1180367,40.03526182,490,,,,EXCEL ACADEMY CENTRAL,EXCEL ACADEMY CENTRAL,201 E OLNEY AVE,19120,,,HIGH SCHOOL,45547,177,1,CONTRACTED
-75.09833863,39.99856266,491,,,,BETHEL BAPTIST ACADEMY,BETHEL BAPTIST ACADEMY,2080 CASTOR AVE,19134,(215) 426-1909,,ELEMENTARY/MIDDLE/HIGH,PREK-12,,3,PRIVATE
